period,ratio,title,sub_title
2016-01-31,0.003594482840682604,한불모터스DS7크로스백,
2017-02-10,0.003594482840682604,한불모터스DS7크로스백,
2017-02-11,0.007188965681365208,한불모터스DS7크로스백,
2017-02-13,0.004189431724657656,한불모터스DS7크로스백,
2017-02-14,0.003594482840682604,한불모터스DS7크로스백,
2017-02-19,0.03178018621900068,한불모터스DS7크로스백,
2017-02-20,0.02759075449434302,한불모터스DS7크로스백,
2017-02-21,0.09717498438259178,한불모터스DS7크로스백,
2017-02-22,0.02878065226229313,한불모터스DS7크로스백,
2017-02-24,0.0029747444198752583,한불모터스DS7크로스백,
2017-02-26,0.004784380608632708,한불모터스DS7크로스백,
2017-02-27,0.0029747444198752583,한불모터스DS7크로스백,
2017-02-28,0.004189431724657656,한불모터스DS7크로스백,
2017-03-01,0.22015587660760144,한불모터스DS7크로스백,
2017-03-02,0.20515820682406366,한불모터스DS7크로스백,
2017-03-03,0.0653700086267588,한불모터스DS7크로스백,
2017-03-04,0.2663387837261648,한불모터스DS7크로스백,
2017-03-05,0.12536068776090983,한불모터스DS7크로스백,
2017-03-06,0.3089272080040456,한불모터스DS7크로스백,
2017-03-07,0.2501264266378447,한불모터스DS7크로스백,
2017-03-08,0.04796775377048854,한불모터스DS7크로스백,
2017-03-09,0.04496821981378099,한불모터스DS7크로스백,
2017-03-10,0.02878065226229313,한불모터스DS7크로스백,
2017-03-11,0.04258842427788079,한불모터스DS7크로스백,
2017-03-12,0.05758609406141855,한불모터스DS7크로스백,
2017-03-13,0.02459122053763547,한불모터스DS7크로스백,
2017-03-14,0.02159168658092792,한불모터스DS7크로스백,
2017-03-15,0.014377931362730415,한불모터스DS7크로스백,
2017-03-16,0.012593084710805263,한불모터스DS7크로스백,
2017-03-17,0.0059742783765828105,한불모터스DS7크로스백,
2017-03-18,0.012593084710805263,한불모터스DS7크로스백,
2017-03-19,0.010783448522047812,한불모터스DS7크로스백,
2017-03-20,0.011973346289997916,한불모터스DS7크로스백,
2017-03-21,0.016187567551487866,한불모터스DS7크로스백,
2017-03-22,0.016782516435462917,한불모터스DS7크로스백,
2017-03-23,0.018592152624220367,한불모터스DS7크로스백,
2017-03-24,0.011378397406022865,한불모터스DS7크로스백,
2017-03-25,0.012593084710805263,한불모터스DS7크로스백,
2017-03-26,0.004784380608632708,한불모터스DS7크로스백,
2017-03-27,0.003594482840682604,한불모터스DS7크로스백,
2017-03-28,0.0029747444198752583,한불모터스DS7크로스백,
2017-03-29,0.007188965681365208,한불모터스DS7크로스백,
2017-03-30,0.007188965681365208,한불모터스DS7크로스백,
2017-03-31,0.003594482840682604,한불모터스DS7크로스백,
2017-04-02,0.004784380608632708,한불모터스DS7크로스백,
2017-04-03,0.0059742783765828105,한불모터스DS7크로스백,
2017-04-05,0.011973346289997916,한불모터스DS7크로스백,
2017-04-06,0.0029747444198752583,한불모터스DS7크로스백,
2017-04-07,0.008973812333290363,한불모터스DS7크로스백,
2017-04-09,0.003594482840682604,한불모터스DS7크로스백,
2017-04-10,0.010783448522047812,한불모터스DS7크로스백,
2017-04-11,0.003594482840682604,한불모터스DS7크로스백,
2017-04-12,0.008973812333290363,한불모터스DS7크로스백,
2017-04-13,0.00778391456534026,한불모터스DS7크로스백,
2017-04-14,0.0029747444198752583,한불모터스DS7크로스백,
2017-04-15,0.004189431724657656,한불모터스DS7크로스백,
2017-04-17,0.00537932949260776,한불모터스DS7크로스백,
2017-04-18,0.008973812333290363,한불모터스DS7크로스백,
2017-04-19,0.007188965681365208,한불모터스DS7크로스백,
2017-04-22,0.0029747444198752583,한불모터스DS7크로스백,
2017-04-23,0.0059742783765828105,한불모터스DS7크로스백,
2017-04-25,0.003594482840682604,한불모터스DS7크로스백,
2017-04-29,0.003594482840682604,한불모터스DS7크로스백,
2017-04-30,0.003594482840682604,한불모터스DS7크로스백,
2017-05-01,0.00537932949260776,한불모터스DS7크로스백,
2017-05-02,0.2885254191910678,한불모터스DS7크로스백,
2017-05-03,0.621473688385606,한불모터스DS7크로스백,
2017-05-04,0.08996122916439428,한불모터스DS7크로스백,
2017-05-05,0.2963341232932403,한불모터스DS7크로스백,
2017-05-06,0.039588890321173235,한불모터스DS7크로스백,
2017-05-07,0.02037699927614552,한불모터스DS7크로스백,
2017-05-08,0.02337653323285307,한불모터스DS7크로스백,
2017-05-09,0.019187101508195418,한불모터스DS7크로스백,
2017-05-10,0.013188033594780314,한불모터스DS7크로스백,
2017-05-11,0.01978205039217047,한불모터스DS7크로스백,
2017-05-12,0.011378397406022865,한불모터스DS7크로스백,
2017-05-13,0.013782982478755364,한불모터스DS7크로스백,
2017-05-14,0.013188033594780314,한불모터스DS7크로스백,
2017-05-15,0.04558795823458834,한불모터스DS7크로스백,
2017-05-16,0.15895051016866799,한불모터스DS7크로스백,
2017-05-17,0.11336255193407964,한불모터스DS7크로스백,
2017-05-18,0.04018383920514828,한불모터스DS7크로스백,
2017-05-19,0.035969617943658334,한불모터스DS7크로스백,
2017-05-20,0.6448502216184591,한불모터스DS7크로스백,
2017-05-21,0.13976340866047257,한불모터스DS7크로스백,
2017-05-22,0.2567452329720671,한불모터스DS7크로스백,
2017-05-23,0.32033039494690074,한불모터스DS7크로스백,
2017-05-24,0.09895983103451693,한불모터스DS7크로스백,
2017-05-25,0.03178018621900068,한불모터스DS7크로스백,
2017-05-26,0.016782516435462917,한불모터스DS7크로스백,
2017-05-27,0.01978205039217047,한불모터스DS7크로스백,
2017-05-28,0.14576247657388766,한불모터스DS7크로스백,
2017-05-29,0.191350434808476,한불모터스DS7크로스백,
2017-05-30,0.04377832204583088,한불모터스DS7크로스백,
2017-05-31,0.02037699927614552,한불모터스DS7크로스백,
2017-06-01,0.009593550754097709,한불모터스DS7크로스백,
2017-06-02,0.012593084710805263,한불모터스DS7크로스백,
2017-06-03,0.016782516435462917,한불모터스DS7크로스백,
2017-06-04,0.017377465319437967,한불모터스DS7크로스백,
2017-06-05,0.009593550754097709,한불모터스DS7크로스백,
2017-06-06,0.013782982478755364,한불모터스DS7크로스백,
2017-06-07,0.013188033594780314,한불모터스DS7크로스백,
2017-06-08,0.00778391456534026,한불모터스DS7크로스백,
2017-06-09,0.008973812333290363,한불모터스DS7크로스백,
2017-06-10,0.00537932949260776,한불모터스DS7크로스백,
2017-06-11,0.009593550754097709,한불모터스DS7크로스백,
2017-06-12,0.014377931362730415,한불모터스DS7크로스백,
2017-06-13,0.017377465319437967,한불모터스DS7크로스백,
2017-06-14,0.014377931362730415,한불모터스DS7크로스백,
2017-06-15,0.00778391456534026,한불모터스DS7크로스백,
2017-06-16,0.004784380608632708,한불모터스DS7크로스백,
2017-06-17,0.006594016797390157,한불모터스DS7크로스백,
2017-06-18,0.009593550754097709,한불모터스DS7크로스백,
2017-06-19,0.010783448522047812,한불모터스DS7크로스백,
2017-06-20,0.009593550754097709,한불모터스DS7크로스백,
2017-06-21,0.01797241420341302,한불모터스DS7크로스백,
2017-06-22,0.017377465319437967,한불모터스DS7크로스백,
2017-06-23,0.22434530833225907,한불모터스DS7크로스백,
2017-06-24,0.04796775377048854,한불모터스DS7크로스백,
2017-06-25,0.02337653323285307,한불모터스DS7크로스백,
2017-06-26,0.004784380608632708,한불모터스DS7크로스백,
2017-06-27,0.006594016797390157,한불모터스DS7크로스백,
2017-06-28,0.013188033594780314,한불모터스DS7크로스백,
2017-06-29,0.007188965681365208,한불모터스DS7크로스백,
2017-06-30,0.004189431724657656,한불모터스DS7크로스백,
2017-07-01,0.012593084710805263,한불모터스DS7크로스백,
2017-07-02,0.016187567551487866,한불모터스DS7크로스백,
2017-07-03,0.022781584348878024,한불모터스DS7크로스백,
2017-07-04,0.016187567551487866,한불모터스DS7크로스백,
2017-07-05,0.018592152624220367,한불모터스DS7크로스백,
2017-07-06,0.01797241420341302,한불모터스DS7크로스백,
2017-07-07,0.012593084710805263,한불모터스DS7크로스백,
2017-07-08,0.0059742783765828105,한불모터스DS7크로스백,
2017-07-09,0.011378397406022865,한불모터스DS7크로스백,
2017-07-10,0.01797241420341302,한불모터스DS7크로스백,
2017-07-11,0.04437327092980594,한불모터스DS7크로스백,
2017-07-12,0.05758609406141855,한불모터스DS7크로스백,
2017-07-13,0.01018849963807276,한불모터스DS7크로스백,
2017-07-14,0.0059742783765828105,한불모터스DS7크로스백,
2017-07-15,0.004189431724657656,한불모터스DS7크로스백,
2017-07-16,0.006594016797390157,한불모터스DS7크로스백,
2017-07-17,0.004784380608632708,한불모터스DS7크로스백,
2017-07-18,0.004189431724657656,한불모터스DS7크로스백,
2017-07-19,0.00537932949260776,한불모터스DS7크로스백,
2017-07-20,0.00778391456534026,한불모터스DS7크로스백,
2017-07-22,0.004784380608632708,한불모터스DS7크로스백,
2017-07-24,0.004189431724657656,한불모터스DS7크로스백,
2017-07-25,0.008378863449315313,한불모터스DS7크로스백,
2017-07-26,0.00537932949260776,한불모터스DS7크로스백,
2017-07-27,0.010783448522047812,한불모터스DS7크로스백,
2017-07-28,0.008378863449315313,한불모터스DS7크로스백,
2017-07-29,0.0059742783765828105,한불모터스DS7크로스백,
2017-07-31,0.0029747444198752583,한불모터스DS7크로스백,
2017-08-01,0.0059742783765828105,한불모터스DS7크로스백,
2017-08-02,0.006594016797390157,한불모터스DS7크로스백,
2017-08-03,0.003594482840682604,한불모터스DS7크로스백,
2017-08-04,0.0029747444198752583,한불모터스DS7크로스백,
2017-08-05,0.00537932949260776,한불모터스DS7크로스백,
2017-08-07,0.006594016797390157,한불모터스DS7크로스백,
2017-08-08,0.00537932949260776,한불모터스DS7크로스백,
2017-08-09,0.014377931362730415,한불모터스DS7크로스백,
2017-08-10,0.010783448522047812,한불모터스DS7크로스백,
2017-08-11,0.006594016797390157,한불모터스DS7크로스백,
2017-08-12,0.006594016797390157,한불모터스DS7크로스백,
2017-08-13,0.003594482840682604,한불모터스DS7크로스백,
2017-08-14,0.009593550754097709,한불모터스DS7크로스백,
2017-08-15,0.009593550754097709,한불모터스DS7크로스백,
2017-08-16,0.006594016797390157,한불모터스DS7크로스백,
2017-08-17,0.00778391456534026,한불모터스DS7크로스백,
2017-08-18,0.011378397406022865,한불모터스DS7크로스백,
2017-08-19,0.006594016797390157,한불모터스DS7크로스백,
2017-08-20,0.004189431724657656,한불모터스DS7크로스백,
2017-08-21,0.0059742783765828105,한불모터스DS7크로스백,
2017-08-22,0.008973812333290363,한불모터스DS7크로스백,
2017-08-23,0.003594482840682604,한불모터스DS7크로스백,
2017-08-24,0.004189431724657656,한불모터스DS7크로스백,
2017-08-25,0.0029747444198752583,한불모터스DS7크로스백,
2017-08-26,0.0029747444198752583,한불모터스DS7크로스백,
2017-08-27,0.0059742783765828105,한불모터스DS7크로스백,
2017-08-28,0.008973812333290363,한불모터스DS7크로스백,
2017-08-29,0.0059742783765828105,한불모터스DS7크로스백,
2017-08-30,0.008378863449315313,한불모터스DS7크로스백,
2017-08-31,0.003594482840682604,한불모터스DS7크로스백,
2017-09-01,0.013782982478755364,한불모터스DS7크로스백,
2017-09-02,0.004189431724657656,한불모터스DS7크로스백,
2017-09-04,0.004189431724657656,한불모터스DS7크로스백,
2017-09-05,0.0059742783765828105,한불모터스DS7크로스백,
2017-09-06,0.00778391456534026,한불모터스DS7크로스백,
2017-09-07,0.009593550754097709,한불모터스DS7크로스백,
2017-09-08,0.008973812333290363,한불모터스DS7크로스백,
2017-09-09,0.003594482840682604,한불모터스DS7크로스백,
2017-09-10,0.0029747444198752583,한불모터스DS7크로스백,
2017-09-11,0.003594482840682604,한불모터스DS7크로스백,
2017-09-12,0.0029747444198752583,한불모터스DS7크로스백,
2017-09-15,0.004784380608632708,한불모터스DS7크로스백,
2017-09-17,0.00537932949260776,한불모터스DS7크로스백,
2017-09-18,0.007188965681365208,한불모터스DS7크로스백,
2017-09-19,0.01497288024670547,한불모터스DS7크로스백,
2017-09-20,0.006594016797390157,한불모터스DS7크로스백,
2017-09-21,0.008378863449315313,한불모터스DS7크로스백,
2017-09-22,0.010783448522047812,한불모터스DS7크로스백,
2017-09-23,0.008973812333290363,한불모터스DS7크로스백,
2017-09-24,0.0059742783765828105,한불모터스DS7크로스백,
2017-09-25,0.010783448522047812,한불모터스DS7크로스백,
2017-09-26,0.011378397406022865,한불모터스DS7크로스백,
2017-09-27,0.04196868585707344,한불모터스DS7크로스백,
2017-09-28,0.018592152624220367,한불모터스DS7크로스백,
2017-09-29,0.007188965681365208,한불모터스DS7크로스백,
2017-09-30,0.008378863449315313,한불모터스DS7크로스백,
2017-10-01,0.008378863449315313,한불모터스DS7크로스백,
2017-10-02,0.015592618667512813,한불모터스DS7크로스백,
2017-10-03,0.00537932949260776,한불모터스DS7크로스백,
2017-10-04,0.004784380608632708,한불모터스DS7크로스백,
2017-10-05,0.0059742783765828105,한불모터스DS7크로스백,
2017-10-06,0.0029747444198752583,한불모터스DS7크로스백,
2017-10-07,0.004784380608632708,한불모터스DS7크로스백,
2017-10-08,0.004784380608632708,한불모터스DS7크로스백,
2017-10-09,0.006594016797390157,한불모터스DS7크로스백,
2017-10-10,0.004189431724657656,한불모터스DS7크로스백,
2017-10-11,0.009593550754097709,한불모터스DS7크로스백,
2017-10-12,0.004189431724657656,한불모터스DS7크로스백,
2017-10-13,0.0059742783765828105,한불모터스DS7크로스백,
2017-10-15,0.003594482840682604,한불모터스DS7크로스백,
2017-10-16,0.009593550754097709,한불모터스DS7크로스백,
2017-10-17,0.004189431724657656,한불모터스DS7크로스백,
2017-10-18,0.004189431724657656,한불모터스DS7크로스백,
2017-10-20,0.004189431724657656,한불모터스DS7크로스백,
2017-10-21,0.0029747444198752583,한불모터스DS7크로스백,
2017-10-23,0.004784380608632708,한불모터스DS7크로스백,
2017-10-24,0.008378863449315313,한불모터스DS7크로스백,
2017-10-25,0.004784380608632708,한불모터스DS7크로스백,
2017-10-26,0.01018849963807276,한불모터스DS7크로스백,
2017-10-27,0.00537932949260776,한불모터스DS7크로스백,
2017-10-28,0.003594482840682604,한불모터스DS7크로스백,
2017-10-29,0.004784380608632708,한불모터스DS7크로스백,
2017-10-30,0.00778391456534026,한불모터스DS7크로스백,
2017-10-31,0.18475641801108586,한불모터스DS7크로스백,
2017-11-01,0.20875268966474625,한불모터스DS7크로스백,
2017-11-02,0.0641801108588087,한불모터스DS7크로스백,
2017-11-03,0.04796775377048854,한불모터스DS7크로스백,
2017-11-04,0.02878065226229313,한불모터스DS7크로스백,
2017-11-05,0.029375601146268176,한불모터스DS7크로스백,
2017-11-06,0.04437327092980594,한불모터스DS7크로스백,
2017-11-07,0.3305188945849735,한불모터스DS7크로스백,
2017-11-08,0.21175222362145382,한불모터스DS7크로스백,
2017-11-09,0.05877599182936865,한불모터스DS7크로스백,
2017-11-10,0.030590288451050576,한불모터스DS7크로스백,
2017-11-11,0.039588890321173235,한불모터스DS7크로스백,
2017-11-12,0.03178018621900068,한불모터스DS7크로스백,
2017-11-13,0.02459122053763547,한불모터스DS7크로스백,
2017-11-14,0.015592618667512813,한불모터스DS7크로스백,
2017-11-15,0.010783448522047812,한불모터스DS7크로스백,
2017-11-16,0.03237513510297573,한불모터스DS7크로스백,
2017-11-17,0.04377832204583088,한불모터스DS7크로스백,
2017-11-18,0.008973812333290363,한불모터스DS7크로스백,
2017-11-19,0.019187101508195418,한불모터스DS7크로스백,
2017-11-20,0.01018849963807276,한불모터스DS7크로스백,
2017-11-21,0.014377931362730415,한불모터스DS7크로스백,
2017-11-22,0.015592618667512813,한불모터스DS7크로스백,
2017-11-23,0.04077878808912334,한불모터스DS7크로스백,
2017-11-24,0.03658935636446568,한불모터스DS7크로스백,
2017-11-25,0.00537932949260776,한불모터스DS7크로스백,
2017-11-26,0.011973346289997916,한불모터스DS7크로스백,
2017-11-27,0.01497288024670547,한불모터스DS7크로스백,
2017-11-28,0.013188033594780314,한불모터스DS7크로스백,
2017-11-29,0.008973812333290363,한불모터스DS7크로스백,
2017-11-30,0.009593550754097709,한불모터스DS7크로스백,
2017-12-01,0.013782982478755364,한불모터스DS7크로스백,
2017-12-02,0.007188965681365208,한불모터스DS7크로스백,
2017-12-03,0.012593084710805263,한불모터스DS7크로스백,
2017-12-04,0.020971948160120574,한불모터스DS7크로스백,
2017-12-05,0.011378397406022865,한불모터스DS7크로스백,
2017-12-06,0.01497288024670547,한불모터스DS7크로스백,
2017-12-07,0.08396216125097916,한불모터스DS7크로스백,
2017-12-08,0.039588890321173235,한불모터스DS7크로스백,
2017-12-09,0.05637140675663615,한불모터스DS7크로스백,
2017-12-10,0.4630933375640809,한불모터스DS7크로스백,
2017-12-11,0.17935229898164579,한불모터스DS7크로스백,
2017-12-12,0.10617358625271443,한불모터스DS7크로스백,
2017-12-13,0.07258376384495631,한불모터스DS7크로스백,
2017-12-14,0.026971016073535678,한불모터스DS7크로스백,
2017-12-15,0.028185703378318074,한불모터스DS7크로스백,
2017-12-16,0.018592152624220367,한불모터스DS7크로스백,
2017-12-17,0.015592618667512813,한불모터스DS7크로스백,
2017-12-18,0.02878065226229313,한불모터스DS7크로스백,
2017-12-19,0.07436861049688147,한불모터스DS7크로스백,
2017-12-20,0.09895983103451693,한불모터스DS7크로스백,
2017-12-21,0.12295610268817735,한불모터스DS7크로스백,
2017-12-22,0.02878065226229313,한불모터스DS7크로스백,
2017-12-23,0.020971948160120574,한불모터스DS7크로스백,
2017-12-24,0.009593550754097709,한불모터스DS7크로스백,
2017-12-25,0.020971948160120574,한불모터스DS7크로스백,
2017-12-26,0.03297008398695078,한불모터스DS7크로스백,
2017-12-27,0.20215867286735612,한불모터스DS7크로스백,
2017-12-28,0.13916845977649753,한불모터스DS7크로스백,
2017-12-29,0.05037233884322105,한불모터스DS7크로스백,
2017-12-30,0.03178018621900068,한불모터스DS7크로스백,
2017-12-31,0.019187101508195418,한불모터스DS7크로스백,
2018-01-01,0.026971016073535678,한불모터스DS7크로스백,
2018-01-02,0.11395750081805468,한불모터스DS7크로스백,
2018-01-03,0.0653700086267588,한불모터스DS7크로스백,
2018-01-04,0.05158702614800344,한불모터스DS7크로스백,
2018-01-05,0.030590288451050576,한불모터스DS7크로스백,
2018-01-06,0.019187101508195418,한불모터스DS7크로스백,
2018-01-07,0.010783448522047812,한불모터스DS7크로스백,
2018-01-08,0.013782982478755364,한불모터스DS7크로스백,
2018-01-09,0.038374203016390836,한불모터스DS7크로스백,
2018-01-10,0.07017917877222381,한불모터스DS7크로스백,
2018-01-11,0.035374669059683284,한불모터스DS7크로스백,
2018-01-12,0.022781584348878024,한불모터스DS7크로스백,
2018-01-13,0.01797241420341302,한불모터스DS7크로스백,
2018-01-14,0.02159168658092792,한불모터스DS7크로스백,
2018-01-15,0.013782982478755364,한불모터스DS7크로스백,
2018-01-16,0.02037699927614552,한불모터스DS7크로스백,
2018-01-17,0.04677785600253844,한불모터스DS7크로스백,
2018-01-18,0.05637140675663615,한불모터스DS7크로스백,
2018-01-19,0.03237513510297573,한불모터스DS7크로스백,
2018-01-20,0.01978205039217047,한불모터스DS7크로스백,
2018-01-21,0.020971948160120574,한불모터스DS7크로스백,
2018-01-22,0.03477972017570823,한불모터스DS7크로스백,
2018-01-23,0.02037699927614552,한불모터스DS7크로스백,
2018-01-24,0.04137373697309839,한불모터스DS7크로스백,
2018-01-25,0.016782516435462917,한불모터스DS7크로스백,
2018-01-26,0.07377366161290641,한불모터스DS7크로스백,
2018-01-27,0.04858749219129589,한불모터스DS7크로스백,
2018-01-28,0.033589822407758124,한불모터스DS7크로스백,
2018-01-29,0.06958422988824876,한불모터스DS7크로스백,
2018-01-30,0.05158702614800344,한불모터스DS7크로스백,
2018-01-31,0.20215867286735612,한불모터스DS7크로스백,
2018-02-01,0.07496355938085651,한불모터스DS7크로스백,
2018-02-02,0.1997540877946236,한불모터스DS7크로스백,
2018-02-03,0.025186169421610526,한불모터스DS7크로스백,
2018-02-04,0.035374669059683284,한불모터스DS7크로스백,
2018-02-05,0.04977738995924599,한불모터스DS7크로스백,
2018-02-06,0.04858749219129589,한불모터스DS7크로스백,
2018-02-07,0.04077878808912334,한불모터스DS7크로스백,
2018-02-08,0.02997055003024323,한불모터스DS7크로스백,
2018-02-09,0.039588890321173235,한불모터스DS7크로스백,
2018-02-10,0.02159168658092792,한불모터스DS7크로스백,
2018-02-11,0.04137373697309839,한불모터스DS7크로스백,
2018-02-12,0.0569663556406112,한불모터스DS7크로스백,
2018-02-13,0.033589822407758124,한불모터스DS7크로스백,
2018-02-14,0.05996588959731875,한불모터스DS7크로스백,
2018-02-15,0.052776923915953546,한불모터스DS7크로스백,
2018-02-16,0.03896915190036589,한불모터스DS7크로스백,
2018-02-17,0.03418477129173318,한불모터스DS7크로스백,
2018-02-18,0.02459122053763547,한불모터스DS7크로스백,
2018-02-19,0.01797241420341302,한불모터스DS7크로스백,
2018-02-20,0.026376067189560627,한불모터스DS7크로스백,
2018-02-21,0.01797241420341302,한불모터스DS7크로스백,
2018-02-22,0.028185703378318074,한불모터스DS7크로스백,
2018-02-23,0.026971016073535678,한불모터스DS7크로스백,
2018-02-24,0.025186169421610526,한불모터스DS7크로스백,
2018-02-25,0.02459122053763547,한불모터스DS7크로스백,
2018-02-26,0.01797241420341302,한불모터스DS7크로스백,
2018-02-27,0.02159168658092792,한불모터스DS7크로스백,
2018-02-28,0.030590288451050576,한불모터스DS7크로스백,
2018-03-01,0.025781118305585573,한불모터스DS7크로스백,
2018-03-02,0.028185703378318074,한불모터스DS7크로스백,
2018-03-03,0.026971016073535678,한불모터스DS7크로스백,
2018-03-04,0.030590288451050576,한불모터스DS7크로스백,
2018-03-05,0.023971482116828126,한불모터스DS7크로스백,
2018-03-06,0.04437327092980594,한불모터스DS7크로스백,
2018-03-07,0.0605856280181261,한불모터스DS7크로스백,
2018-03-08,0.02997055003024323,한불모터스DS7크로스백,
2018-03-09,0.017377465319437967,한불모터스DS7크로스백,
2018-03-10,0.012593084710805263,한불모터스DS7크로스백,
2018-03-11,0.016187567551487866,한불모터스DS7크로스백,
2018-03-12,0.013782982478755364,한불모터스DS7크로스백,
2018-03-13,0.017377465319437967,한불모터스DS7크로스백,
2018-03-14,0.013188033594780314,한불모터스DS7크로스백,
2018-03-15,0.014377931362730415,한불모터스DS7크로스백,
2018-03-16,0.013188033594780314,한불모터스DS7크로스백,
2018-03-17,0.010783448522047812,한불모터스DS7크로스백,
2018-03-18,0.013782982478755364,한불모터스DS7크로스백,
2018-03-19,0.01797241420341302,한불모터스DS7크로스백,
2018-03-20,0.035374669059683284,한불모터스DS7크로스백,
2018-03-21,0.025186169421610526,한불모터스DS7크로스백,
2018-03-22,0.031185237335025626,한불모터스DS7크로스백,
2018-03-23,0.1187666709635197,한불모터스DS7크로스백,
2018-03-24,0.02337653323285307,한불모터스DS7크로스백,
2018-03-25,0.01797241420341302,한불모터스DS7크로스백,
2018-03-26,0.01797241420341302,한불모터스DS7크로스백,
2018-03-27,0.011973346289997916,한불모터스DS7크로스백,
2018-03-28,0.11217265416612954,한불모터스DS7크로스백,
2018-03-29,0.02218663546490297,한불모터스DS7크로스백,
2018-03-30,0.016187567551487866,한불모터스DS7크로스백,
2018-03-31,0.014377931362730415,한불모터스DS7크로스백,
2018-04-01,0.02759075449434302,한불모터스DS7크로스백,
2018-04-02,0.02759075449434302,한불모터스DS7크로스백,
2018-04-03,0.018592152624220367,한불모터스DS7크로스백,
2018-04-04,0.019187101508195418,한불모터스DS7크로스백,
2018-04-05,0.01978205039217047,한불모터스DS7크로스백,
2018-04-06,0.013188033594780314,한불모터스DS7크로스백,
2018-04-07,0.015592618667512813,한불모터스DS7크로스백,
2018-04-08,0.0059742783765828105,한불모터스DS7크로스백,
2018-04-09,0.01978205039217047,한불모터스DS7크로스백,
2018-04-10,0.015592618667512813,한불모터스DS7크로스백,
2018-04-11,0.01018849963807276,한불모터스DS7크로스백,
2018-04-12,0.012593084710805263,한불모터스DS7크로스백,
2018-04-13,0.008973812333290363,한불모터스DS7크로스백,
2018-04-14,0.016782516435462917,한불모터스DS7크로스백,
2018-04-15,0.01497288024670547,한불모터스DS7크로스백,
2018-04-16,0.015592618667512813,한불모터스DS7크로스백,
2018-04-17,0.008973812333290363,한불모터스DS7크로스백,
2018-04-18,0.02037699927614552,한불모터스DS7크로스백,
2018-04-19,0.014377931362730415,한불모터스DS7크로스백,
2018-04-20,0.011378397406022865,한불모터스DS7크로스백,
2018-04-21,0.011973346289997916,한불모터스DS7크로스백,
2018-04-22,0.012593084710805263,한불모터스DS7크로스백,
2018-04-23,0.011973346289997916,한불모터스DS7크로스백,
2018-04-24,0.012593084710805263,한불모터스DS7크로스백,
2018-04-25,0.014377931362730415,한불모터스DS7크로스백,
2018-04-26,0.013782982478755364,한불모터스DS7크로스백,
2018-04-27,0.011378397406022865,한불모터스DS7크로스백,
2018-04-28,0.02759075449434302,한불모터스DS7크로스백,
2018-04-29,0.020971948160120574,한불모터스DS7크로스백,
2018-04-30,0.02037699927614552,한불모터스DS7크로스백,
2018-05-01,0.012593084710805263,한불모터스DS7크로스백,
2018-05-02,0.01797241420341302,한불모터스DS7크로스백,
2018-05-03,0.016187567551487866,한불모터스DS7크로스백,
2018-05-04,0.015592618667512813,한불모터스DS7크로스백,
2018-05-05,0.015592618667512813,한불모터스DS7크로스백,
2018-05-06,0.01797241420341302,한불모터스DS7크로스백,
2018-05-07,0.012593084710805263,한불모터스DS7크로스백,
2018-05-08,0.01978205039217047,한불모터스DS7크로스백,
2018-05-09,0.016187567551487866,한불모터스DS7크로스백,
2018-05-10,0.015592618667512813,한불모터스DS7크로스백,
2018-05-11,0.00778391456534026,한불모터스DS7크로스백,
2018-05-12,0.013782982478755364,한불모터스DS7크로스백,
2018-05-13,0.010783448522047812,한불모터스DS7크로스백,
2018-05-14,0.014377931362730415,한불모터스DS7크로스백,
2018-05-15,0.04196868585707344,한불모터스DS7크로스백,
2018-05-16,0.033589822407758124,한불모터스DS7크로스백,
2018-05-17,0.023971482116828126,한불모터스DS7크로스백,
2018-05-18,0.025781118305585573,한불모터스DS7크로스백,
2018-05-19,0.010783448522047812,한불모터스DS7크로스백,
2018-05-20,0.19675455383791604,한불모터스DS7크로스백,
2018-05-21,0.11817172207954464,한불모터스DS7크로스백,
2018-05-22,0.04018383920514828,한불모터스DS7크로스백,
2018-05-23,0.019187101508195418,한불모터스DS7크로스백,
2018-05-24,0.018592152624220367,한불모터스DS7크로스백,
2018-05-25,0.025186169421610526,한불모터스DS7크로스백,
2018-05-26,0.02878065226229313,한불모터스DS7크로스백,
2018-05-27,0.023971482116828126,한불모터스DS7크로스백,
2018-05-28,0.02459122053763547,한불모터스DS7크로스백,
2018-05-29,0.03178018621900068,한불모터스DS7크로스백,
2018-05-30,0.016187567551487866,한불모터스DS7크로스백,
2018-05-31,0.018592152624220367,한불모터스DS7크로스백,
2018-06-01,0.006594016797390157,한불모터스DS7크로스백,
2018-06-02,0.008378863449315313,한불모터스DS7크로스백,
2018-06-03,0.01018849963807276,한불모터스DS7크로스백,
2018-06-04,0.01797241420341302,한불모터스DS7크로스백,
2018-06-05,0.382700869616952,한불모터스DS7크로스백,
2018-06-06,0.09658003549861673,한불모터스DS7크로스백,
2018-06-07,0.07796309333756407,한불모터스DS7크로스백,
2018-06-08,0.020971948160120574,한불모터스DS7크로스백,
2018-06-09,0.02159168658092792,한불모터스DS7크로스백,
2018-06-10,0.01797241420341302,한불모터스DS7크로스백,
2018-06-11,0.01497288024670547,한불모터스DS7크로스백,
2018-06-12,0.026971016073535678,한불모터스DS7크로스백,
2018-06-13,0.018592152624220367,한불모터스DS7크로스백,
2018-06-14,0.028185703378318074,한불모터스DS7크로스백,
2018-06-15,0.01797241420341302,한불모터스DS7크로스백,
2018-06-16,0.026971016073535678,한불모터스DS7크로스백,
2018-06-17,0.015592618667512813,한불모터스DS7크로스백,
2018-06-18,0.009593550754097709,한불모터스DS7크로스백,
2018-06-19,0.012593084710805263,한불모터스DS7크로스백,
2018-06-20,0.022781584348878024,한불모터스DS7크로스백,
2018-06-21,0.016187567551487866,한불모터스DS7크로스백,
2018-06-22,0.013782982478755364,한불모터스DS7크로스백,
2018-06-23,0.016187567551487866,한불모터스DS7크로스백,
2018-06-24,0.016782516435462917,한불모터스DS7크로스백,
2018-06-25,0.010783448522047812,한불모터스DS7크로스백,
2018-06-26,0.026376067189560627,한불모터스DS7크로스백,
2018-06-27,0.026971016073535678,한불모터스DS7크로스백,
2018-06-28,0.013782982478755364,한불모터스DS7크로스백,
2018-06-29,0.04077878808912334,한불모터스DS7크로스백,
2018-06-30,0.018592152624220367,한불모터스DS7크로스백,
2018-07-01,0.018592152624220367,한불모터스DS7크로스백,
2018-07-02,0.028185703378318074,한불모터스DS7크로스백,
2018-07-03,0.03418477129173318,한불모터스DS7크로스백,
2018-07-04,0.01978205039217047,한불모터스DS7크로스백,
2018-07-05,0.016782516435462917,한불모터스DS7크로스백,
2018-07-06,0.01978205039217047,한불모터스DS7크로스백,
2018-07-07,0.01497288024670547,한불모터스DS7크로스백,
2018-07-08,0.018592152624220367,한불모터스DS7크로스백,
2018-07-09,0.02218663546490297,한불모터스DS7크로스백,
2018-07-10,0.02997055003024323,한불모터스DS7크로스백,
2018-07-11,0.16016519747345037,한불모터스DS7크로스백,
2018-07-12,0.2387480292318218,한불모터스DS7크로스백,
2018-07-13,0.1211712560362522,한불모터스DS7크로스백,
2018-07-14,0.03896915190036589,한불모터스DS7크로스백,
2018-07-15,0.038374203016390836,한불모터스DS7크로스백,
2018-07-16,0.028185703378318074,한불모터스DS7크로스백,
2018-07-17,0.03178018621900068,한불모터스DS7크로스백,
2018-07-18,0.020971948160120574,한불모터스DS7크로스백,
2018-07-19,0.02459122053763547,한불모터스DS7크로스백,
2018-07-20,0.020971948160120574,한불모터스DS7크로스백,
2018-07-21,0.02037699927614552,한불모터스DS7크로스백,
2018-07-22,0.020971948160120574,한불모터스DS7크로스백,
2018-07-23,0.025186169421610526,한불모터스DS7크로스백,
2018-07-24,0.053371872799928596,한불모터스DS7크로스백,
2018-07-25,0.026971016073535678,한불모터스DS7크로스백,
2018-07-26,0.015592618667512813,한불모터스DS7크로스백,
2018-07-27,0.01978205039217047,한불모터스DS7크로스백,
2018-07-28,0.01497288024670547,한불모터스DS7크로스백,
2018-07-29,0.01978205039217047,한불모터스DS7크로스백,
2018-07-30,0.018592152624220367,한불모터스DS7크로스백,
2018-07-31,0.016782516435462917,한불모터스DS7크로스백,
2018-08-01,0.016782516435462917,한불모터스DS7크로스백,
2018-08-02,0.02459122053763547,한불모터스DS7크로스백,
2018-08-03,0.013782982478755364,한불모터스DS7크로스백,
2018-08-04,0.011973346289997916,한불모터스DS7크로스백,
2018-08-05,0.014377931362730415,한불모터스DS7크로스백,
2018-08-06,0.02459122053763547,한불모터스DS7크로스백,
2018-08-07,0.01797241420341302,한불모터스DS7크로스백,
2018-08-08,0.02159168658092792,한불모터스DS7크로스백,
2018-08-09,0.04077878808912334,한불모터스DS7크로스백,
2018-08-10,0.05758609406141855,한불모터스DS7크로스백,
2018-08-11,0.035374669059683284,한불모터스DS7크로스백,
2018-08-12,0.038374203016390836,한불모터스DS7크로스백,
2018-08-13,0.04858749219129589,한불모터스DS7크로스백,
2018-08-14,0.03477972017570823,한불모터스DS7크로스백,
2018-08-15,0.08996122916439428,한불모터스DS7크로스백,
2018-08-16,0.1187666709635197,한불모터스DS7크로스백,
2018-08-17,0.054586560104710996,한불모터스DS7크로스백,
2018-08-18,0.023971482116828126,한불모터스DS7크로스백,
2018-08-19,0.013188033594780314,한불모터스DS7크로스백,
2018-08-20,0.02759075449434302,한불모터스DS7크로스백,
2018-08-21,0.028185703378318074,한불모터스DS7크로스백,
2018-08-22,0.019187101508195418,한불모터스DS7크로스백,
2018-08-23,0.022781584348878024,한불모터스DS7크로스백,
2018-08-24,0.020971948160120574,한불모터스DS7크로스백,
2018-08-25,0.02218663546490297,한불모터스DS7크로스백,
2018-08-26,0.02337653323285307,한불모터스DS7크로스백,
2018-08-27,0.020971948160120574,한불모터스DS7크로스백,
2018-08-28,0.04796775377048854,한불모터스DS7크로스백,
2018-08-29,0.09236581423712678,한불모터스DS7크로스백,
2018-08-30,0.012593084710805263,한불모터스DS7크로스백,
2018-08-31,0.01978205039217047,한불모터스DS7크로스백,
2018-09-01,0.019187101508195418,한불모터스DS7크로스백,
2018-09-02,0.02337653323285307,한불모터스DS7크로스백,
2018-09-03,0.016187567551487866,한불모터스DS7크로스백,
2018-09-04,0.02337653323285307,한불모터스DS7크로스백,
2018-09-05,0.02459122053763547,한불모터스DS7크로스백,
2018-09-06,0.02997055003024323,한불모터스DS7크로스백,
2018-09-07,0.03418477129173318,한불모터스DS7크로스백,
2018-09-08,0.03178018621900068,한불모터스DS7크로스백,
2018-09-09,0.02337653323285307,한불모터스DS7크로스백,
2018-09-10,0.04918244107527094,한불모터스DS7크로스백,
2018-09-11,0.04196868585707344,한불모터스DS7크로스백,
2018-09-12,0.029375601146268176,한불모터스DS7크로스백,
2018-09-13,0.04196868585707344,한불모터스DS7크로스백,
2018-09-14,0.13195470455830002,한불모터스DS7크로스백,
2018-09-15,0.08758143362849408,한불모터스DS7크로스백,
2018-09-16,0.0605856280181261,한불모터스DS7크로스백,
2018-09-17,0.1415482553123977,한불모터스DS7크로스백,
2018-09-18,0.1223611538042023,한불모터스DS7크로스백,
2018-09-19,0.1115777052821545,한불모터스DS7크로스백,
2018-09-20,0.07377366161290641,한불모터스DS7크로스백,
2018-09-21,0.06836954258346636,한불모터스DS7크로스백,
2018-09-22,0.035374669059683284,한불모터스DS7크로스백,
2018-09-23,0.035969617943658334,한불모터스DS7크로스백,
2018-09-24,0.02759075449434302,한불모터스DS7크로스백,
2018-09-25,0.039588890321173235,한불모터스DS7크로스백,
2018-09-26,0.06118057690210115,한불모터스DS7크로스백,
2018-09-27,0.08458189967178652,한불모터스DS7크로스백,
2018-09-28,0.06717964481551625,한불모터스DS7크로스백,
2018-09-29,0.24893652886989454,한불모터스DS7크로스백,
2018-09-30,0.3803210740810518,한불모터스DS7크로스백,
2018-10-01,0.06836954258346636,한불모터스DS7크로스백,
2018-10-02,0.11457723923886204,한불모터스DS7크로스백,
2018-10-03,0.05996588959731875,한불모터스DS7크로스백,
2018-10-04,0.04496821981378099,한불모터스DS7크로스백,
2018-10-05,0.05158702614800344,한불모터스DS7크로스백,
2018-10-06,0.052181975031978495,한불모터스DS7크로스백,
2018-10-07,0.1271703239496673,한불모터스DS7크로스백,
2018-10-08,0.06237047467005125,한불모터스DS7크로스백,
2018-10-09,0.05637140675663615,한불모터스DS7크로스백,
2018-10-10,0.04977738995924599,한불모터스DS7크로스백,
2018-10-11,0.04796775377048854,한불모터스DS7크로스백,
2018-10-12,0.0629654235540263,한불모터스DS7크로스백,
2018-10-13,0.04858749219129589,한불모터스DS7크로스백,
2018-10-14,0.04918244107527094,한불모터스DS7크로스백,
2018-10-15,0.06118057690210115,한불모터스DS7크로스백,
2018-10-16,0.0581810429453936,한불모터스DS7크로스백,
2018-10-17,0.054586560104710996,한불모터스DS7크로스백,
2018-10-18,0.037184305248440734,한불모터스DS7크로스백,
2018-10-19,0.03418477129173318,한불모터스DS7크로스백,
2018-10-20,0.04077878808912334,한불모터스DS7크로스백,
2018-10-21,0.033589822407758124,한불모터스DS7크로스백,
2018-10-22,0.037184305248440734,한불모터스DS7크로스백,
2018-10-23,0.04618290711856339,한불모터스DS7크로스백,
2018-10-24,0.04377832204583088,한불모터스DS7크로스백,
2018-10-25,0.04377832204583088,한불모터스DS7크로스백,
2018-10-26,0.03896915190036589,한불모터스DS7크로스백,
2018-10-27,0.03477972017570823,한불모터스DS7크로스백,
2018-10-28,0.04558795823458834,한불모터스DS7크로스백,
2018-10-29,0.038374203016390836,한불모터스DS7크로스백,
2018-10-30,0.04496821981378099,한불모터스DS7크로스백,
2018-10-31,0.037779254132415785,한불모터스DS7크로스백,
2018-11-01,0.035969617943658334,한불모터스DS7크로스백,
2018-11-02,0.04077878808912334,한불모터스DS7크로스백,
2018-11-03,0.03477972017570823,한불모터스DS7크로스백,
2018-11-04,0.035969617943658334,한불모터스DS7크로스백,
2018-11-05,0.035374669059683284,한불모터스DS7크로스백,
2018-11-06,0.035374669059683284,한불모터스DS7크로스백,
2018-11-07,0.04258842427788079,한불모터스DS7크로스백,
2018-11-08,0.08758143362849408,한불모터스DS7크로스백,
2018-11-09,0.07617824668563891,한불모터스DS7크로스백,
2018-11-10,0.06177552578607621,한불모터스DS7크로스백,
2018-11-11,0.06717964481551625,한불모터스DS7크로스백,
2018-11-12,0.06836954258346636,한불모터스DS7크로스백,
2018-11-13,0.04318337316185584,한불모터스DS7크로스백,
2018-11-14,0.06237047467005125,한불모터스DS7크로스백,
2018-11-15,0.08877133139644418,한불모터스DS7크로스백,
2018-11-16,0.08396216125097916,한불모터스DS7크로스백,
2018-11-17,0.27174290275560486,한불모터스DS7크로스백,
2018-11-18,0.2933345893365328,한불모터스DS7크로스백,
2018-11-19,0.05877599182936865,한불모터스DS7크로스백,
2018-11-20,0.04737280488651349,한불모터스DS7크로스백,
2018-11-21,0.03297008398695078,한불모터스DS7크로스백,
2018-11-22,0.04618290711856339,한불모터스DS7크로스백,
2018-11-23,0.030590288451050576,한불모터스DS7크로스백,
2018-11-24,0.025781118305585573,한불모터스DS7크로스백,
2018-11-25,0.02878065226229313,한불모터스DS7크로스백,
2018-11-26,0.030590288451050576,한불모터스DS7크로스백,
2018-11-27,0.04796775377048854,한불모터스DS7크로스백,
2018-11-28,0.04496821981378099,한불모터스DS7크로스백,
2018-11-29,0.02759075449434302,한불모터스DS7크로스백,
2018-11-30,0.031185237335025626,한불모터스DS7크로스백,
2018-12-01,0.022781584348878024,한불모터스DS7크로스백,
2018-12-02,0.02878065226229313,한불모터스DS7크로스백,
2018-12-03,0.023971482116828126,한불모터스DS7크로스백,
2018-12-04,0.013782982478755364,한불모터스DS7크로스백,
2018-12-05,0.02159168658092792,한불모터스DS7크로스백,
2018-12-06,0.03477972017570823,한불모터스DS7크로스백,
2018-12-07,0.03178018621900068,한불모터스DS7크로스백,
2018-12-08,0.017377465319437967,한불모터스DS7크로스백,
2018-12-09,0.018592152624220367,한불모터스DS7크로스백,
2018-12-10,0.07677319556961397,한불모터스DS7크로스백,
2018-12-11,0.08277226348302907,한불모터스DS7크로스백,
2018-12-12,0.15654592509593548,한불모터스DS7크로스백,
2018-12-13,0.10857817132544693,한불모터스DS7크로스백,
2018-12-14,0.49427857489910654,한불모터스DS7크로스백,
2018-12-15,0.8356304970797924,한불모터스DS7크로스백,
2018-12-16,0.33411337742565617,한불모터스DS7크로스백,
2018-12-17,0.1559509762119604,한불모터스DS7크로스백,
2018-12-18,0.1127676030501046,한불모터스DS7크로스백,
2018-12-19,0.11995656873146981,한불모터스DS7크로스백,
2018-12-20,0.13916845977649753,한불모터스DS7크로스백,
2018-12-21,0.15716566351674283,한불모터스DS7크로스백,
2018-12-22,0.08936628028041922,한불모터스DS7크로스백,
2018-12-23,0.19915913891064854,한불모터스DS7크로스백,
2018-12-24,0.45949885472339824,한불모터스DS7크로스백,
2018-12-25,0.40191276066197973,한불모터스DS7크로스백,
2018-12-26,0.2399379269997719,한불모터스DS7크로스백,
2018-12-27,0.17635276502493824,한불모터스DS7크로스백,
2018-12-28,0.1163620858907872,한불모터스DS7크로스백,
2018-12-29,0.13976340866047257,한불모터스DS7크로스백,
2018-12-30,0.1247657388769348,한불모터스DS7크로스백,
2018-12-31,0.11576713700681214,한불모터스DS7크로스백,
2019-01-01,0.15716566351674283,한불모터스DS7크로스백,
2019-01-02,0.2897401064958502,한불모터스DS7크로스백,
2019-01-03,0.32211524159882593,한불모터스DS7크로스백,
2019-01-04,0.3851054546896845,한불모터스DS7크로스백,
2019-01-05,0.3731073188628543,한불모터스DS7크로스백,
2019-01-06,0.4079118285753948,한불모터스DS7크로스백,
2019-01-07,0.3803210740810518,한불모터스DS7크로스백,
2019-01-08,2.7804440301837396,한불모터스DS7크로스백,
2019-01-09,3.0995597378258584,한불모터스DS7크로스백,
2019-01-10,1.3839006831996348,한불모터스DS7크로스백,
2019-01-11,1.0803775942250293,한불모터스DS7크로스백,
2019-01-12,0.9219972434035041,한불모터스DS7크로스백,
2019-01-13,0.7060555880573927,한불모터스DS7크로스백,
2019-01-14,1.1955497823478665,한불모터스DS7크로스백,
2019-01-15,1.1091582464873224,한불모터스DS7크로스백,
2019-01-16,1.1613650110561333,한불모터스DS7크로스백,
2019-01-17,0.835010758658985,한불모터스DS7크로스백,
2019-01-18,0.7294321212902457,한불모터스DS7크로스백,
2019-01-19,1.0059841941913157,한불모터스DS7크로스백,
2019-01-20,0.7624269948140288,한불모터스DS7크로스백,
2019-01-21,0.7834237325109816,한불모터스DS7크로스백,
2019-01-22,0.6916528671578298,한불모터스DS7크로스백,
2019-01-23,0.6124750865154834,한불모터스DS7크로스백,
2019-01-24,0.5950728316592132,한불모터스DS7크로스백,
2019-01-25,0.529678033495622,한불모터스DS7크로스백,
2019-01-26,0.7882329026564466,한불모터스DS7크로스백,
2019-01-27,0.5638875943241876,한불모터스DS7크로스백,
2019-01-28,0.41510079425676,한불모터스DS7크로스백,
2019-01-29,0.39769853940048977,한불모터스DS7크로스백,
2019-01-30,0.3467064621364614,한불모터스DS7크로스백,
2019-01-31,0.3437317177165861,한불모터스DS7크로스백,
2019-02-01,0.37432200616763667,한불모터스DS7크로스백,
2019-02-02,0.3983182778212971,한불모터스DS7크로스백,
2019-02-03,0.3941040565598072,한불모터스DS7크로스백,
2019-02-04,0.41869527709744264,한불모터스DS7크로스백,
2019-02-05,0.46190343979613074,한불모터스DS7크로스백,
2019-02-06,0.670656129460877,한불모터스DS7크로스백,
2019-02-07,0.5974774167319458,한불모터스DS7크로스백,
2019-02-08,0.7306468085950281,한불모터스DS7크로스백,
2019-02-09,0.9363999643030668,한불모터스DS7크로스백,
2019-02-10,0.3959136927485646,한불모터스DS7크로스백,
2019-02-11,0.6454699600392665,한불모터스DS7크로스백,
2019-02-12,0.752238495175956,한불모터스DS7크로스백,
2019-02-13,0.4882795069856914,한불모터스DS7크로스백,
2019-02-14,0.41091136253210236,한불모터스DS7크로스백,
2019-02-15,1.481100457119059,한불모터스DS7크로스백,
2019-02-16,0.41391089648880997,한불모터스DS7크로스백,
2019-02-17,0.56088806036748,한불모터스DS7크로스백,
2019-02-18,0.5584834752947475,한불모터스DS7크로스백,
2019-02-19,0.41331594760483487,한불모터스DS7크로스백,
2019-02-20,0.3125216908447282,한불모터스DS7크로스백,
2019-02-21,0.28133645350970254,한불모터스DS7크로스백,
2019-02-22,0.28433598746641014,한불모터스DS7크로스백,
2019-02-23,0.2687433687988973,한불모터스DS7크로스백,
2019-02-24,0.28193140239367764,한불모터스DS7크로스백,
2019-02-25,0.2651240964213824,한불모터스DS7크로스백,
2019-02-26,0.2639341986534323,한불모터스DS7크로스백,
2019-02-27,0.2675286814941149,한불모터스DS7크로스백,
2019-02-28,0.2495314777538696,한불모터스DS7크로스백,
2019-03-01,0.25134111394262704,한불모터스DS7크로스백,
2019-03-02,0.40431734573471223,한불모터스DS7크로스백,
2019-03-03,0.7684260627274438,한불모터스DS7크로스백,
2019-03-04,0.37851143789229436,한불모터스DS7크로스백,
2019-03-05,0.2981189699451655,한불모터스DS7크로스백,
2019-03-06,0.3929141587918571,한불모터스DS7크로스백,
2019-03-07,0.27893186843697004,한불모터스DS7크로스백,
2019-03-08,0.23693839304306435,한불모터스DS7크로스백,
2019-03-09,0.337732649803171,한불모터스DS7크로스백,
2019-03-10,0.45109520173725065,한불모터스DS7크로스백,
2019-03-11,0.34970599609316894,한불모터스DS7크로스백,
2019-03-12,0.2987387083659729,한불모터스DS7크로스백,
2019-03-13,0.24893652886989454,한불모터스DS7크로스백,
2019-03-14,0.3563248024273914,한불모터스DS7크로스백,
2019-03-15,0.45649932076669075,한불모터스DS7크로스백,
2019-03-16,0.2801217662049202,한불모터스DS7크로스백,
2019-03-17,0.40669714127061246,한불모터스DS7크로스백,
2019-03-18,0.38931967595117445,한불모터스DS7크로스백,
2019-03-19,0.3299239457009985,한불모터스DS7크로스백,
2019-03-20,0.25134111394262704,한불모터스DS7크로스백,
2019-03-21,0.300523555017898,한불모터스DS7크로스백,
2019-03-22,0.3299239457009985,한불모터스DS7크로스백,
2019-03-23,0.250746165058652,한불모터스DS7크로스백,
2019-03-24,0.29511943598845797,한불모터스DS7크로스백,
2019-03-25,0.2723378516395799,한불모터스DS7크로스백,
2019-03-26,0.8770042340528907,한불모터스DS7크로스백,
2019-03-27,0.28552588523436023,한불모터스DS7크로스백,
2019-03-28,0.300523555017898,한불모터스DS7크로스백,
2019-03-29,0.20334857063530623,한불모터스DS7크로스백,
2019-03-30,0.20275362175133116,한불모터스DS7크로스백,
2019-03-31,0.27593233448026255,한불모터스DS7크로스백,
2019-04-01,0.2579351307400172,한불모터스DS7크로스백,
2019-04-02,0.3881049886463921,한불모터스DS7크로스백,
2019-04-03,1.0917807811678844,한불모터스DS7크로스백,
2019-04-04,0.7624269948140288,한불모터스DS7크로스백,
2019-04-05,0.4930886771311564,한불모터스DS7크로스백,
2019-04-06,0.28433598746641014,한불모터스DS7크로스백,
2019-04-07,0.2567452329720671,한불모터스DS7크로스백,
2019-04-08,0.28193140239367764,한불모터스DS7크로스백,
2019-04-09,0.2501264266378447,한불모터스DS7크로스백,
2019-04-10,0.22194072325952657,한불모터스DS7크로스백,
2019-04-11,0.24593699491318702,한불모터스DS7크로스백,
2019-04-12,0.22375035944828406,한불모터스DS7크로스백,
2019-04-13,0.22194072325952657,한불모터스DS7크로스백,
2019-04-14,0.20515820682406366,한불모터스DS7크로스백,
2019-04-15,0.26033971581274973,한불모터스DS7크로스백,
2019-04-16,0.23934297811579683,한불모터스DS7크로스백,
2019-04-17,0.27533738559628745,한불모터스DS7크로스백,
2019-04-18,0.20875268966474625,한불모터스DS7크로스백,
2019-04-19,0.2861208341183353,한불모터스DS7크로스백,
2019-04-20,0.310736844192803,한불모터스DS7크로스백,
2019-04-21,0.2897401064958502,한불모터스DS7크로스백,
2019-04-22,0.28133645350970254,한불모터스DS7크로스백,
2019-04-23,0.2801217662049202,한불모터스DS7크로스백,
2019-04-24,0.22075082549157649,한불모터스DS7크로스백,
2019-04-25,0.25612549455125977,한불모터스DS7크로스백,
2019-04-26,0.2519360628266021,한불모터스DS7크로스백,
2019-04-27,0.19675455383791604,한불모터스DS7크로스백,
2019-04-28,0.2303443762456742,한불모터스DS7크로스백,
2019-04-29,0.19675455383791604,한불모터스DS7크로스백,
2019-04-30,0.1307648067903499,한불모터스DS7크로스백,
2019-05-01,0.15954545905264303,한불모터스DS7크로스백,
2019-05-02,0.12776527283364236,한불모터스DS7크로스백,
2019-05-03,0.15895051016866799,한불모터스DS7크로스백,
2019-05-04,0.15954545905264303,한불모터스DS7크로스백,
2019-05-05,0.14695237434183778,한불모터스DS7크로스백,
2019-05-06,0.21294212138940394,한불모터스DS7크로스백,
2019-05-07,0.19915913891064854,한불모터스DS7크로스백,
2019-05-08,0.17875735009767074,한불모터스DS7크로스백,
2019-05-09,0.16554452696605815,한불모터스DS7크로스백,
2019-05-10,0.17035369711152315,한불모터스DS7크로스백,
2019-05-11,0.18475641801108586,한불모터스DS7크로스백,
2019-05-12,0.20634810459201375,한불모터스DS7크로스백,
2019-05-13,0.24893652886989454,한불모터스DS7크로스백,
2019-05-14,0.22674989340499158,한불모터스DS7크로스백,
2019-05-15,0.24534204602921195,한불모터스DS7크로스백,
2019-05-16,0.23812829081101447,한불모터스DS7크로스백,
2019-05-17,0.20875268966474625,한불모터스DS7크로스백,
2019-05-18,0.250746165058652,한불모터스DS7크로스백,
2019-05-19,0.27533738559628745,한불모터스DS7크로스백,
2019-05-20,0.32692441174429093,한불모터스DS7크로스백,
2019-05-21,0.2567452329720671,한불모터스DS7크로스백,
2019-05-22,0.6586579936340469,한불모터스DS7크로스백,
2019-05-23,0.9789883885809476,한불모터스DS7크로스백,
2019-05-24,0.6952473499985125,한불모터스DS7크로스백,
2019-05-25,0.4276938789675653,한불모터스DS7크로스백,
2019-05-26,0.3401124453390712,한불모터스DS7크로스백,
2019-05-27,1.2819413182084103,한불모터스DS7크로스백,
2019-05-28,0.8800037680095985,한불모터스DS7크로스백,
2019-05-29,0.3719174210949042,한불모터스DS7크로스백,
2019-05-30,0.3401124453390712,한불모터스DS7크로스백,
2019-05-31,0.2633392497694573,한불모터스DS7크로스백,
2019-06-01,0.24653194379716203,한불모터스DS7크로스백,
2019-06-02,0.22615494452101656,한불모터스DS7크로스백,
2019-06-03,0.3017382423226804,한불모터스DS7크로스백,
2019-06-04,0.4679025077095459,한불모터스DS7크로스백,
2019-06-05,0.2375333419270394,한불모터스DS7크로스백,
2019-06-06,0.23334391020238177,한불모터스DS7크로스백,
2019-06-07,0.22015587660760144,한불모터스DS7크로스백,
2019-06-08,0.1997540877946236,한불모터스DS7크로스백,
2019-06-09,0.19615960495394102,한불모터스DS7크로스백,
2019-06-10,0.19794445160586618,한불모터스DS7크로스백,
2019-06-11,0.22194072325952657,한불모터스DS7크로스백,
2019-06-12,0.21834624041884398,한불모터스DS7크로스백,
2019-06-13,0.22853474005691674,한불모터스DS7크로스백,
2019-06-14,0.21715634265089387,한불모터스DS7크로스백,
2019-06-15,0.21894118930281903,한불모터스DS7크로스백,
2019-06-16,0.19553986653313368,한불모터스DS7크로스백,
2019-06-17,0.23634344415908928,한불모터스DS7크로스백,
2019-06-18,0.23334391020238177,한불모터스DS7크로스백,
2019-06-19,0.22194072325952657,한불모터스DS7크로스백,
2019-06-20,0.31192674196075315,한불모터스DS7크로스백,
2019-06-21,0.28674057253914265,한불모터스DS7크로스백,
2019-06-22,0.17754266279288836,한불모터스DS7크로스백,
2019-06-23,0.18354173070630345,한불모터스DS7크로스백,
2019-06-24,0.17035369711152315,한불모터스DS7크로스백,
2019-06-25,0.1649495780820831,한불모터스DS7크로스백,
2019-06-26,0.11995656873146981,한불모터스DS7크로스백,
2019-06-27,0.10557863736873939,한불모터스DS7크로스백,
2019-06-28,0.1211712560362522,한불모터스DS7크로스백,
2019-06-29,0.09957956945532427,한불모터스DS7크로스백,
2019-06-30,0.12655058552885995,한불모터스DS7크로스백,
2019-07-01,0.18054219674959593,한불모터스DS7크로스백,
2019-07-02,0.15416612956003528,한불모터스DS7크로스백,
2019-07-03,0.16076014635742544,한불모터스DS7크로스백,
2019-07-04,0.17035369711152315,한불모터스DS7크로스백,
2019-07-05,0.15895051016866799,한불모터스DS7크로스백,
2019-07-06,0.14516752768991262,한불모터스DS7크로스백,
2019-07-07,0.13016985790637486,한불모터스DS7크로스백,
2019-07-08,0.17694771390891328,한불모터스DS7크로스백,
2019-07-09,0.21834624041884398,한불모터스DS7크로스백,
2019-07-10,0.18054219674959593,한불모터스DS7크로스백,
2019-07-11,0.13195470455830002,한불모터스DS7크로스백,
2019-07-12,0.1781624012136957,한불모터스DS7크로스백,
2019-07-13,0.16735416315481558,한불모터스DS7크로스백,
2019-07-14,0.16794911203879065,한불모터스DS7크로스백,
2019-07-15,0.15895051016866799,한불모터스DS7크로스백,
2019-07-16,0.15354639113922794,한불모터스DS7크로스백,
2019-07-17,0.1649495780820831,한불모터스DS7크로스백,
2019-07-18,0.17754266279288836,한불모터스DS7크로스백,
2019-07-19,0.20815774078077123,한불모터스DS7크로스백,
2019-07-20,0.2741226982915051,한불모터스DS7크로스백,
2019-07-21,0.1733532310682307,한불모터스DS7크로스백,
2019-07-22,0.1877559519677934,한불모터스DS7크로스백,
2019-07-23,0.1973495027218911,한불모터스DS7크로스백,
2019-07-24,0.15895051016866799,한불모터스DS7크로스백,
2019-07-25,0.1685440609227657,한불모터스DS7크로스백,
2019-07-26,0.1745431288361808,한불모터스DS7크로스백,
2019-07-27,0.27712223224821264,한불모터스DS7크로스백,
2019-07-28,0.1829467818223284,한불모터스DS7크로스백,
2019-07-29,0.2849309363503852,한불모터스DS7크로스백,
2019-07-30,0.1781624012136957,한불모터스DS7크로스백,
2019-07-31,0.1649495780820831,한불모터스DS7크로스백,
2019-08-01,0.28133645350970254,한불모터스DS7크로스백,
2019-08-02,0.20634810459201375,한불모터스DS7크로스백,
2019-08-03,0.18835090085176848,한불모터스DS7크로스백,
2019-08-04,0.16375968031413296,한불모터스DS7크로스백,
2019-08-05,0.17935229898164579,한불모터스DS7크로스백,
2019-08-06,0.19794445160586618,한불모터스DS7크로스백,
2019-08-07,0.19675455383791604,한불모터스DS7크로스백,
2019-08-08,0.3713224722109292,한불모터스DS7크로스백,
2019-08-09,0.37370226774682935,한불모터스DS7크로스백,
2019-08-10,0.16794911203879065,한불모터스DS7크로스백,
2019-08-11,0.20215867286735612,한불모터스DS7크로스백,
2019-08-12,0.22915447847772408,한불모터스DS7크로스백,
2019-08-13,0.22434530833225907,한불모터스DS7크로스백,
2019-08-14,0.23212922289759935,한불모터스DS7크로스백,
2019-08-15,0.2939295382205078,한불모터스DS7크로스백,
2019-08-16,0.21415680869418632,한불모터스DS7크로스백,
2019-08-17,0.2675286814941149,한불모터스DS7크로스백,
2019-08-18,0.21715634265089387,한불모터스DS7크로스백,
2019-08-19,0.18235183293835336,한불모터스DS7크로스백,
2019-08-20,0.1757578161409632,한불모터스DS7크로스백,
2019-08-21,0.18354173070630345,한불모터스DS7크로스백,
2019-08-22,0.1283602217176174,한불모터스DS7크로스백,
2019-08-23,0.14876201053059523,한불모터스DS7크로스백,
2019-08-24,0.21115727473747878,한불모터스DS7크로스백,
2019-08-25,0.18594631577903595,한불모터스DS7크로스백,
2019-08-26,0.18054219674959593,한불모터스DS7크로스백,
2019-08-27,0.2687433687988973,한불모터스DS7크로스백,
2019-08-28,0.6052613312972859,한불모터스DS7크로스백,
2019-08-29,0.6028567462245534,한불모터스DS7크로스백,
2019-08-30,0.23574849527511424,한불모터스DS7크로스백,
2019-08-31,0.2375333419270394,한불모터스DS7크로스백,
2019-09-01,0.33651796249838867,한불모터스DS7크로스백,
2019-09-02,0.43431268530178774,한불모터스DS7크로스백,
2019-09-03,0.3065226229313131,한불모터스DS7크로스백,
2019-09-04,0.2849309363503852,한불모터스DS7크로스백,
2019-09-05,0.4330979979970054,한불모터스DS7크로스백,
2019-09-06,0.5488899245406498,한불모터스DS7크로스백,
2019-09-07,0.3431119792957788,한불모터스DS7크로스백,
2019-09-08,0.3239248777875834,한불모터스DS7크로스백,
2019-09-09,0.3215202927148509,한불모터스DS7크로스백,
2019-09-10,0.32211524159882593,한불모터스DS7크로스백,
2019-09-11,0.3263294628603159,한불모터스DS7크로스백,
2019-09-12,0.2981189699451655,한불모터스DS7크로스백,
2019-09-13,0.34492161548453626,한불모터스DS7크로스백,
2019-09-14,0.39231920990788205,한불모터스DS7크로스백,
2019-09-15,0.6082608652539935,한불모터스DS7크로스백,
2019-09-16,0.42709893008359023,한불모터스DS7크로스백,
2019-09-17,0.4445011849398605,한불모터스DS7크로스백,
2019-09-18,0.47090204166625343,한불모터스DS7크로스백,
2019-09-19,0.4679025077095459,한불모터스DS7크로스백,
2019-09-20,0.3641087169927317,한불모터스DS7크로스백,
2019-09-21,0.33832759868714607,한불모터스DS7크로스백,
2019-09-22,0.33351842854168107,한불모터스DS7크로스백,
2019-09-23,0.3017382423226804,한불모터스DS7크로스백,
2019-09-24,0.3113317930767781,한불모터스DS7크로스백,
2019-09-25,0.26274430088548223,한불모터스DS7크로스백,
2019-09-26,0.3437317177165861,한불모터스DS7크로스백,
2019-09-27,0.6874634354331722,한불모터스DS7크로스백,
2019-09-28,0.529678033495622,한불모터스DS7크로스백,
2019-09-29,0.5332725163363047,한불모터스DS7크로스백,
2019-09-30,0.31792580987416824,한불모터스DS7크로스백,
2019-10-01,0.272932800523555,한불모터스DS7크로스백,
2019-10-02,0.27533738559628745,한불모터스DS7크로스백,
2019-10-03,0.22734484228896665,한불모터스DS7크로스백,
2019-10-04,0.22674989340499158,한불모터스DS7크로스백,
2019-10-05,0.21294212138940394,한불모터스DS7크로스백,
2019-10-06,0.1973495027218911,한불모터스DS7크로스백,
2019-10-07,0.31433132703348565,한불모터스DS7크로스백,
2019-10-08,0.3065226229313131,한불모터스DS7크로스백,
2019-10-09,0.28133645350970254,한불모터스DS7크로스백,
2019-10-10,0.23934297811579683,한불모터스DS7크로스백,
2019-10-11,0.41150631141607746,한불모터스DS7크로스백,
2019-10-12,0.31733086099019325,한불모터스DS7크로스백,
2019-10-13,0.3149262759174607,한불모터스DS7크로스백,
2019-10-14,0.3401124453390712,한불모터스DS7크로스백,
2019-10-15,0.2897401064958502,한불모터스DS7크로스백,
2019-10-16,0.3113317930767781,한불모터스DS7크로스백,
2019-10-17,0.2837410385824351,한불모터스DS7크로스백,
2019-10-18,0.28433598746641014,한불모터스DS7크로스백,
2019-10-19,0.24534204602921195,한불모터스DS7크로스백,
2019-10-20,0.2255352061002092,한불모터스DS7크로스백,
2019-10-21,0.26033971581274973,한불모터스DS7크로스백,
2019-10-22,0.23453380797033185,한불모터스DS7크로스백,
2019-10-23,0.2567452329720671,한불모터스DS7크로스백,
2019-10-24,0.23574849527511424,한불모터스DS7크로스백,
2019-10-25,0.18716100308381833,한불모터스DS7크로스백,
2019-10-26,0.18354173070630345,한불모터스DS7크로스백,
2019-10-27,0.20334857063530623,한불모터스DS7크로스백,
2019-10-28,0.17516286725698815,한불모터스DS7크로스백,
2019-10-29,0.18116193517040327,한불모터스DS7크로스백,
2019-10-30,0.17516286725698815,한불모터스DS7크로스백,
2019-10-31,0.15476107844401032,한불모터스DS7크로스백,
2019-11-01,0.15954545905264303,한불모터스DS7크로스백,
2019-11-02,0.18116193517040327,한불모터스DS7크로스백,
2019-11-03,0.31792580987416824,한불모터스DS7크로스백,
2019-11-04,0.30592767404733806,한불모터스DS7크로스백,
2019-11-05,0.2861208341183353,한불모터스DS7크로스백,
2019-11-06,0.29211990203175037,한불모터스DS7크로스백,
2019-11-07,0.25853007962399227,한불모터스DS7크로스백,
2019-11-08,0.2663387837261648,한불모터스DS7크로스백,
2019-11-09,0.3401124453390712,한불모터스DS7크로스백,
2019-11-10,0.33711291138236366,한불모터스DS7크로스백,
2019-11-11,0.25612549455125977,한불모터스DS7크로스백,
2019-11-12,0.3161161736854108,한불모터스DS7크로스백,
2019-11-13,0.3611091830360241,한불모터스DS7크로스백,
2019-11-14,0.6718460272288271,한불모터스DS7크로스백,
2019-11-15,1.0827821792977619,한불모터스DS7크로스백,
2019-11-16,0.7084353835932927,한불모터스DS7크로스백,
2019-11-17,0.8404148776884252,한불모터스DS7크로스백,
2019-11-18,1.6970421124651704,한불모터스DS7크로스백,
2019-11-19,2.1091681623020553,한불모터스DS7크로스백,
2019-11-20,0.9399944471437495,한불모터스DS7크로스백,
2019-11-21,0.693437713809755,한불모터스DS7크로스백,
2019-11-22,0.48290017749308367,한불모터스DS7크로스백,
2019-11-23,0.5314876696843795,한불모터스DS7크로스백,
2019-11-24,0.5740760939622603,한불모터스DS7크로스백,
2019-11-25,0.4031026584299298,한불모터스DS7크로스백,
2019-11-26,0.35932433638409894,한불모터스DS7크로스백,
2019-11-27,0.3713224722109292,한불모터스DS7크로스백,
2019-11-28,0.38391555692173446,한불모터스DS7크로스백,
2019-11-29,0.37851143789229436,한불모터스DS7크로스백,
2019-11-30,0.43609753195371287,한불모터스DS7크로스백,
2019-12-01,0.4606887524913484,한불모터스DS7크로스백,
2019-12-02,0.41931501551824996,한불모터스DS7크로스백,
2019-12-03,0.3857004035736596,한불모터스DS7크로스백,
2019-12-04,0.5578885264107725,한불모터스DS7크로스백,
2019-12-05,0.5902636615137482,한불모터스DS7크로스백,
2019-12-06,0.4972781088558141,한불모터스DS7크로스백,
2019-12-07,0.5410812204384772,한불모터스DS7크로스백,
2019-12-08,0.7192436216521729,한불모터스DS7크로스백,
2019-12-09,0.5890737637457981,한불모터스DS7크로스백,
2019-12-10,0.47090204166625343,한불모터스DS7크로스백,
2019-12-11,0.44090670209917787,한불모터스DS7크로스백,
2019-12-12,0.3803210740810518,한불모터스DS7크로스백,
2019-12-13,0.43609753195371287,한불모터스DS7크로스백,
2019-12-14,0.5524844073813324,한불모터스DS7크로스백,
2019-12-15,0.6340667730964114,한불모터스DS7크로스백,
2019-12-16,0.4679025077095459,한불모터스DS7크로스백,
2019-12-17,0.42231454947495756,한불모터스DS7크로스백,
2019-12-18,0.5254886017709645,한불모터스DS7크로스백,
2019-12-19,0.523678965582207,한불모터스DS7크로스백,
2019-12-20,0.5464853394679173,한불모터스DS7크로스백,
2019-12-21,0.6172594671241162,한불모터스DS7크로스백,
2019-12-22,1.003579609118583,한불모터스DS7크로스백,
2019-12-23,0.582479746948408,한불모터스DS7크로스백,
2019-12-24,0.473901575622961,한불모터스DS7크로스백,
2019-12-25,0.5164899999008418,한불모터스DS7크로스백,
2019-12-26,0.4103164136481273,한불모터스DS7크로스백,
2019-12-27,0.49368362601513144,한불모터스DS7크로스백,
2019-12-28,1.0329799998016835,한불모터스DS7크로스백,
2019-12-29,0.42831361738837265,한불모터스DS7크로스백,
2019-12-30,0.40731687969141983,한불모터스DS7크로스백,
2019-12-31,0.34970599609316894,한불모터스DS7크로스백,
2020-01-01,0.3251147755555334,한불모터스DS7크로스백,
2020-01-02,0.47028230324544606,한불모터스DS7크로스백,
2020-01-03,0.5200844827415243,한불모터스DS7크로스백,
2020-01-04,0.5902636615137482,한불모터스DS7크로스백,
2020-01-05,0.5692669238167953,한불모터스DS7크로스백,
2020-01-06,0.46128370137532343,한불모터스DS7크로스백,
2020-01-07,0.40191276066197973,한불모터스DS7크로스백,
2020-01-08,0.4031026584299298,한불모터스DS7크로스백,
2020-01-09,0.790042538845204,한불모터스DS7크로스백,
2020-01-10,1.0989697468492496,한불모터스DS7크로스백,
2020-01-11,2.983197651935071,한불모터스DS7크로스백,
2020-01-12,0.9034050907792837,한불모터스DS7크로스백,
2020-01-13,0.5302729823795971,한불모터스DS7크로스백,
2020-01-14,0.42409939612688274,한불모터스DS7크로스백,
2020-01-15,0.4121012603000525,한불모터스DS7크로스백,
2020-01-16,0.920807345635554,한불모터스DS7크로스백,
2020-01-17,0.6958422988824876,한불모터스DS7크로스백,
2020-01-18,2.4229045404515657,한불모터스DS7크로스백,
2020-01-19,1.1145623655167625,한불모터스DS7크로스백,
2020-01-20,0.7870430048884965,한불모터스DS7크로스백,
2020-01-21,0.3881049886463921,한불모터스DS7크로스백,
2020-01-22,0.3665133020654642,한불모터스DS7크로스백,
2020-01-23,0.6940574522305625,한불모터스DS7크로스백,
2020-01-24,0.4505002528532756,한불모터스DS7크로스백,
2020-01-25,0.632257136907654,한불모터스DS7크로스백,
2020-01-26,0.610665450326726,한불모터스DS7크로스백,
2020-01-27,0.42950351515632273,한불모터스DS7크로스백,
2020-01-28,0.40610219238663736,한불모터스DS7크로스백,
2020-01-29,0.5932631954704557,한불모터스DS7크로스백,
2020-01-30,0.44509613382383556,한불모터스DS7크로스백,
2020-01-31,0.5380816864817697,한불모터스DS7크로스백,
2020-02-01,0.6136649842834335,한불모터스DS7크로스백,
2020-02-02,0.5686719749328203,한불모터스DS7크로스백,
2020-02-03,0.5542692540332576,한불모터스DS7크로스백,
2020-02-04,0.5158950510168667,한불모터스DS7크로스백,
2020-02-05,0.5098959831034516,한불모터스DS7크로스백,
2020-02-06,0.48349512637705866,한불모터스DS7크로스백,
2020-02-07,0.4079118285753948,한불모터스DS7크로스백,
2020-02-08,0.5002776428125216,한불모터스DS7크로스백,
2020-02-09,0.6334718242124363,한불모터스DS7크로스백,
2020-02-10,0.5086812957986692,한불모터스DS7크로스백,
2020-02-11,0.47568642227488617,한불모터스DS7크로스백,
2020-02-12,0.48109054130432616,한불모터스DS7크로스백,
2020-02-13,0.533892254757112,한불모터스DS7크로스백,
2020-02-14,0.5326775674523296,한불모터스DS7크로스백,
2020-02-15,0.5902636615137482,한불모터스DS7크로스백,
2020-02-16,0.6142599331674087,한불모터스DS7크로스백,
2020-02-17,0.5458903905839422,한불모터스DS7크로스백,
2020-02-18,0.48168549018830126,한불모터스DS7크로스백,
2020-02-19,0.4894941942904738,한불모터스DS7크로스백,
2020-02-20,0.43369294688098037,한불모터스DS7크로스백,
2020-02-21,0.4876845581017163,한불모터스DS7크로스백,
2020-02-22,0.9249967773602117,한불모터스DS7크로스백,
2020-02-23,0.47868595623159366,한불모터스DS7크로스백,
2020-02-24,0.5002776428125216,한불모터스DS7크로스백,
2020-02-25,0.7366458765084432,한불모터스DS7크로스백,
2020-02-26,0.5488899245406498,한불모터스DS7크로스백,
2020-02-27,0.442096599867128,한불모터스DS7크로스백,
2020-02-28,0.41510079425676,한불모터스DS7크로스백,
2020-02-29,0.5716715088895279,한불모터스DS7크로스백,
2020-03-01,0.48168549018830126,한불모터스DS7크로스백,
2020-03-02,0.5746710428462354,한불모터스DS7크로스백,
2020-03-03,0.6784648335630495,한불모터스DS7크로스백,
2020-03-04,0.6742506123015597,한불모터스DS7크로스백,
2020-03-05,0.4822804390722763,한불모터스DS7크로스백,
2020-03-06,0.44090670209917787,한불모터스DS7크로스백,
2020-03-07,0.4445011849398605,한불모터스DS7크로스백,
2020-03-08,0.42169481105415024,한불모터스DS7크로스백,
2020-03-09,0.3533252684706838,한불모터스DS7크로스백,
2020-03-10,0.37970133566024444,한불모터스DS7크로스백,
2020-03-11,0.38151097184900196,한불모터스DS7크로스백,
2020-03-12,0.3347331158464635,한불모터스DS7크로스백,
2020-03-13,0.5488899245406498,한불모터스DS7크로스백,
2020-03-14,0.4445011849398605,한불모터스DS7크로스백,
2020-03-15,0.3911045226030996,한불모터스DS7크로스백,
2020-03-16,0.332923479657706,한불모터스DS7크로스백,
2020-03-17,0.3275193606282659,한불모터스DS7크로스백,
2020-03-18,0.26093466469672477,한불모터스DS7크로스백,
2020-03-19,0.3941040565598072,한불모터스DS7크로스백,
2020-03-20,0.44269154875110306,한불모터스DS7크로스백,
2020-03-21,0.632257136907654,한불모터스DS7크로스백,
2020-03-22,0.7210532578409304,한불모터스DS7크로스백,
2020-03-23,0.34611151325248635,한불모터스DS7크로스백,
2020-03-24,0.37851143789229436,한불모터스DS7크로스백,
2020-03-25,0.3263294628603159,한불모터스DS7크로스백,
2020-03-26,0.39231920990788205,한불모터스DS7크로스백,
2020-03-27,0.37370226774682935,한불모터스DS7크로스백,
2020-03-28,0.5182748465527669,한불모터스DS7크로스백,
2020-03-29,0.3995081755892472,한불모터스DS7크로스백,
2020-03-30,0.3425170304118037,한불모터스DS7크로스백,
2020-03-31,0.2957391744092653,한불모터스DS7크로스백,
2020-04-01,0.23634344415908928,한불모터스DS7크로스백,
2020-04-02,0.3401124453390712,한불모터스DS7크로스백,
2020-04-03,0.2495314777538696,한불모터스DS7크로스백,
2020-04-04,0.2555305456672847,한불모터스DS7크로스백,
2020-04-05,0.22853474005691674,한불모터스DS7크로스백,
2020-04-06,0.27833691955299505,한불모터스DS7크로스백,
2020-04-07,0.26693373261013986,한불모터스DS7크로스백,
2020-04-08,0.2543406478993346,한불모터스DS7크로스백,
2020-04-09,0.2471268926811371,한불모터스DS7크로스백,
2020-04-10,0.46909240547749603,한불모터스DS7크로스백,
2020-04-11,0.34132713264385367,한불모터스DS7크로스백,
2020-04-12,0.35211058116590144,한불모터스DS7크로스백,
2020-04-13,0.22915447847772408,한불모터스DS7크로스백,
2020-04-14,0.22615494452101656,한불모터스DS7크로스백,
2020-04-15,0.26452914753740736,한불모터스DS7크로스백,
2020-04-16,0.23453380797033185,한불모터스DS7크로스백,
2020-04-17,0.24534204602921195,한불모터스DS7크로스백,
2020-04-18,0.3077373102360955,한불모터스DS7크로스백,
2020-04-19,0.42109986217017514,한불모터스DS7크로스백,
2020-04-20,0.25853007962399227,한불모터스DS7크로스백,
2020-04-21,0.20515820682406366,한불모터스DS7크로스백,
2020-04-22,0.20215867286735612,한불모터스DS7크로스백,
2020-04-23,0.21415680869418632,한불모터스DS7크로스백,
2020-04-24,0.23634344415908928,한불모터스DS7크로스백,
2020-04-25,0.26033971581274973,한불모터스DS7크로스백,
2020-04-26,0.2711231643347975,한불모터스DS7크로스백,
2020-04-27,0.20275362175133116,한불모터스DS7크로스백,
2020-04-28,0.20153893444654877,한불모터스DS7크로스백,
2020-04-29,0.1829467818223284,한불모터스DS7크로스백,
2020-04-30,0.2531259605945522,한불모터스DS7크로스백,
2020-05-01,0.2567452329720671,한불모터스DS7크로스백,
2020-05-02,0.24534204602921195,한불모터스DS7크로스백,
2020-05-03,0.24653194379716203,한불모터스DS7크로스백,
2020-05-04,0.22494025721623415,한불모터스DS7크로스백,
2020-05-05,0.3113317930767781,한불모터스DS7크로스백,
2020-05-06,0.22853474005691674,한불모터스DS7크로스백,
2020-05-07,0.20275362175133116,한불모터스DS7크로스백,
2020-05-08,0.2657438348421898,한불모터스DS7크로스백,
2020-05-09,0.23153427401362428,한불모터스DS7크로스백,
2020-05-10,0.2537456990153596,한불모터스DS7크로스백,
2020-05-11,0.25134111394262704,한불모터스DS7크로스백,
2020-05-12,0.2525310117105772,한불모터스DS7크로스백,
2020-05-13,0.23453380797033185,한불모터스DS7크로스백,
2020-05-14,0.2537456990153596,한불모터스DS7크로스백,
2020-05-15,0.2255352061002092,한불모터스DS7크로스백,
2020-05-16,0.26452914753740736,한불모터스DS7크로스백,
2020-05-17,0.27174290275560486,한불모터스DS7크로스백,
2020-05-18,0.2579351307400172,한불모터스DS7크로스백,
2020-05-19,0.34073218375987857,한불모터스DS7크로스백,
2020-05-20,0.3185207587581433,한불모터스DS7크로스백,
2020-05-21,0.32211524159882593,한불모터스DS7크로스백,
2020-05-22,0.26812363037809,한불모터스DS7크로스백,
2020-05-23,0.27593233448026255,한불모터스DS7크로스백,
2020-05-24,0.2525310117105772,한불모터스DS7크로스백,
2020-05-25,0.23334391020238177,한불모터스DS7크로스백,
2020-05-26,0.2633392497694573,한불모터스DS7크로스백,
2020-05-27,0.20215867286735612,한불모터스DS7크로스백,
2020-05-28,0.2009439855625737,한불모터스DS7크로스백,
2020-05-29,0.20153893444654877,한불모터스DS7크로스백,
2020-05-30,0.22134577437555153,한불모터스DS7크로스백,
2020-05-31,0.20694305347598882,한불모터스DS7크로스백,
2020-06-01,0.17035369711152315,한불모터스DS7크로스백,
2020-06-02,0.19553986653313368,한불모터스DS7크로스백,
2020-06-03,0.1853513668950609,한불모터스DS7크로스백,
2020-06-04,0.20034903667859869,한불모터스DS7크로스백,
2020-06-05,0.21353707027337895,한불모터스DS7크로스백,
2020-06-06,0.3701077849061467,한불모터스DS7크로스백,
2020-06-07,0.2741226982915051,한불모터스DS7크로스백,
2020-06-08,0.2375333419270394,한불모터스DS7크로스백,
2020-06-09,0.223155410564309,한불모터스DS7크로스백,
2020-06-10,0.23934297811579683,한불모터스DS7크로스백,
2020-06-11,0.1985394004898412,한불모터스DS7크로스백,
2020-06-12,0.23574849527511424,한불모터스DS7크로스백,
2020-06-13,0.22134577437555153,한불모터스DS7크로스백,
2020-06-14,0.2279397911729417,한불모터스DS7크로스백,
2020-06-15,0.21594165534611148,한불모터스DS7크로스백,
2020-06-16,0.23574849527511424,한불모터스DS7크로스백,
2020-06-17,0.2327489613184067,한불모터스DS7크로스백,
2020-06-18,0.19075548592450098,한불모터스DS7크로스백,
2020-06-19,0.35691975131136644,한불모터스DS7크로스백,
2020-06-20,0.6622524764747294,한불모터스DS7크로스백,
2020-06-21,0.6916528671578298,한불모터스DS7크로스백,
2020-06-22,0.49368362601513144,한불모터스DS7크로스백,
2020-06-23,0.32033039494690074,한불모터스DS7크로스백,
2020-06-24,0.33111384346894857,한불모터스DS7크로스백,
2020-06-25,0.2519360628266021,한불모터스DS7크로스백,
2020-06-26,0.2435324098404545,한불모터스DS7크로스백,
2020-06-27,0.3701077849061467,한불모터스DS7크로스백,
2020-06-28,0.28674057253914265,한불모터스DS7크로스백,
2020-06-29,0.2375333419270394,한불모터스DS7크로스백,
2020-06-30,0.2279397911729417,한불모터스DS7크로스백,
2020-07-01,0.1985394004898412,한불모터스DS7크로스백,
2020-07-02,0.22434530833225907,한불모터스DS7크로스백,
2020-07-03,0.20275362175133116,한불모터스DS7크로스백,
2020-07-04,0.2711231643347975,한불모터스DS7크로스백,
2020-07-05,0.27533738559628745,한불모터스DS7크로스백,
2020-07-06,0.22015587660760144,한불모터스DS7크로스백,
2020-07-07,0.19194538369245107,한불모터스DS7크로스백,
2020-07-08,0.2447470971452369,한불모터스DS7크로스백,
2020-07-09,0.21594165534611148,한불모터스DS7크로스백,
2020-07-10,0.19553986653313368,한불모터스DS7크로스백,
2020-07-11,0.20394351951928125,한불모터스DS7크로스백,
2020-07-12,0.1841614691271108,한불모터스DS7크로스백,
2020-07-13,0.17935229898164579,한불모터스DS7크로스백,
2020-07-14,0.2657438348421898,한불모터스DS7크로스백,
2020-07-15,0.28433598746641014,한불모터스DS7크로스백,
2020-07-16,0.21415680869418632,한불모터스DS7크로스백,
2020-07-17,0.21294212138940394,한불모터스DS7크로스백,
2020-07-18,0.21353707027337895,한불모터스DS7크로스백,
2020-07-19,0.20815774078077123,한불모터스DS7크로스백,
2020-07-20,0.18716100308381833,한불모터스DS7크로스백,
2020-07-21,0.191350434808476,한불모터스DS7크로스백,
2020-07-22,0.20934763854872132,한불모터스DS7크로스백,
2020-07-23,0.21775129153486894,한불모터스DS7크로스백,
2020-07-24,0.17635276502493824,한불모터스DS7크로스백,
2020-07-25,0.1937550198812085,한불모터스DS7크로스백,
2020-07-26,0.3161161736854108,한불모터스DS7크로스백,
2020-07-27,0.20934763854872132,한불모터스DS7크로스백,
2020-07-28,0.1973495027218911,한불모터스DS7크로스백,
2020-07-29,0.1973495027218911,한불모터스DS7크로스백,
2020-07-30,0.14995190829854532,한불모터스DS7크로스백,
2020-07-31,0.1817568840543783,한불모터스DS7크로스백,
2020-08-01,0.20215867286735612,한불모터스DS7크로스백,
2020-08-02,0.1937550198812085,한불모터스DS7크로스백,
2020-08-03,0.17275828218425565,한불모터스DS7크로스백,
2020-08-04,0.1745431288361808,한불모터스DS7크로스백,
2020-08-05,0.16195004412537553,한불모터스DS7크로스백,
2020-08-06,0.20515820682406366,한불모터스DS7크로스백,
2020-08-07,0.20694305347598882,한불모터스DS7크로스백,
2020-08-08,0.20034903667859869,한불모터스DS7크로스백,
2020-08-09,0.191350434808476,한불모터스DS7크로스백,
2020-08-10,0.191350434808476,한불모터스DS7크로스백,
2020-08-11,0.15476107844401032,한불모터스DS7크로스백,
2020-08-12,0.17754266279288836,한불모터스DS7크로스백,
2020-08-13,0.1949449176491586,한불모터스DS7크로스백,
2020-08-14,0.20394351951928125,한불모터스DS7크로스백,
2020-08-15,0.20875268966474625,한불모터스DS7크로스백,
2020-08-16,0.22853474005691674,한불모터스DS7크로스백,
2020-08-17,0.2327489613184067,한불모터스DS7크로스백,
2020-08-18,0.21775129153486894,한불모터스DS7크로스백,
2020-08-19,0.21475175757816137,한불모터스DS7크로스백,
2020-08-20,0.19794445160586618,한불모터스DS7크로스백,
2020-08-21,0.1889458497357435,한불모터스DS7크로스백,
2020-08-22,0.21475175757816137,한불모터스DS7크로스백,
2020-08-23,0.20153893444654877,한불모터스DS7크로스백,
2020-08-24,0.22134577437555153,한불모터스DS7크로스백,
2020-08-25,0.20453846840325632,한불모터스DS7크로스백,
2020-08-26,0.22015587660760144,한불모터스DS7크로스백,
2020-08-27,0.20575315570803873,한불모터스DS7크로스백,
2020-08-28,0.29692907217721537,한불모터스DS7크로스백,
2020-08-29,0.31433132703348565,한불모터스DS7크로스백,
2020-08-30,0.21534670646213644,한불모터스DS7크로스백,
2020-08-31,0.2399379269997719,한불모터스DS7크로스백,
2020-09-01,0.18475641801108586,한불모터스DS7크로스백,
2020-09-02,0.18835090085176848,한불모터스DS7크로스백,
2020-09-03,0.16435462919810803,한불모터스DS7크로스백,
2020-09-04,0.1889458497357435,한불모터스DS7크로스백,
2020-09-05,0.24774663110194445,한불모터스DS7크로스백,
2020-09-06,0.3065226229313131,한불모터스DS7크로스백,
2020-09-07,0.24534204602921195,한불모터스DS7크로스백,
2020-09-08,0.21534670646213644,한불모터스DS7크로스백,
2020-09-09,0.19316007099723345,한불모터스DS7크로스백,
2020-09-10,0.17516286725698815,한불모터스DS7크로스백,
2020-09-11,0.1757578161409632,한불모터스DS7크로스백,
2020-09-12,0.2591250285079673,한불모터스DS7크로스백,
2020-09-13,0.2573401818560422,한불모터스DS7크로스백,
2020-09-14,0.1841614691271108,한불모터스DS7크로스백,
2020-09-15,0.16794911203879065,한불모터스DS7크로스백,
2020-09-16,0.1985394004898412,한불모터스DS7크로스백,
2020-09-17,0.2615296135806998,한불모터스DS7크로스백,
2020-09-18,0.19915913891064854,한불모터스DS7크로스백,
2020-09-19,0.31673591210621815,한불모터스DS7크로스백,
2020-09-20,0.2555305456672847,한불모터스DS7크로스백,
2020-09-21,0.22253567214350164,한불모터스DS7크로스백,
2020-09-22,0.22194072325952657,한불모터스DS7크로스백,
2020-09-23,0.21475175757816137,한불모터스DS7크로스백,
2020-09-24,0.1853513668950609,한불모터스DS7크로스백,
2020-09-25,0.20575315570803873,한불모터스DS7크로스백,
2020-09-26,0.23812829081101447,한불모터스DS7크로스백,
2020-09-27,0.2501264266378447,한불모터스DS7크로스백,
2020-09-28,0.20275362175133116,한불모터스DS7크로스백,
2020-09-29,0.20275362175133116,한불모터스DS7크로스백,
2020-09-30,0.20275362175133116,한불모터스DS7크로스백,
2020-10-01,0.19615960495394102,한불모터스DS7크로스백,
2020-10-02,0.17394817995220574,한불모터스DS7크로스백,
2020-10-03,0.23393885908635678,한불모터스DS7크로스백,
2020-10-04,0.22075082549157649,한불모터스DS7크로스백,
2020-10-05,0.17094864599549817,한불모터스DS7크로스백,
2020-10-06,0.14935695941457028,한불모터스DS7크로스백,
2020-10-07,0.19615960495394102,한불모터스DS7크로스백,
2020-10-08,0.2633392497694573,한불모터스DS7크로스백,
2020-10-09,0.2279397911729417,한불모터스DS7크로스백,
2020-10-10,0.2591250285079673,한불모터스DS7크로스백,
2020-10-11,0.23574849527511424,한불모터스DS7크로스백,
2020-10-12,0.2255352061002092,한불모터스DS7크로스백,
2020-10-13,0.21234717250542887,한불모터스DS7크로스백,
2020-10-14,0.18354173070630345,한불모터스DS7크로스백,
2020-10-15,0.186541264663011,한불모터스DS7크로스백,
2020-10-16,0.22015587660760144,한불모터스DS7크로스백,
2020-10-17,0.21175222362145382,한불모터스DS7크로스백,
2020-10-18,0.23453380797033185,한불모터스DS7크로스백,
2020-10-19,0.21053753631667144,한불모터스DS7크로스백,
2020-10-20,0.24174756318852933,한불모터스DS7크로스백,
2020-10-21,0.2399379269997719,한불모터스DS7크로스백,
2020-10-22,0.20815774078077123,한불모터스DS7크로스백,
2020-10-23,0.1853513668950609,한불모터스DS7크로스백,
2020-10-24,0.2279397911729417,한불모터스DS7크로스백,
2020-10-25,0.22194072325952657,한불모터스DS7크로스백,
2020-10-26,0.20394351951928125,한불모터스DS7크로스백,
2020-10-27,0.19075548592450098,한불모터스DS7크로스백,
2020-10-28,0.16316473143015794,한불모터스DS7크로스백,
2020-10-29,0.1925403325764261,한불모터스DS7크로스백,
2020-10-30,0.13916845977649753,한불모터스DS7크로스백,
2020-10-31,0.17394817995220574,한불모터스DS7크로스백,
2020-11-01,0.15895051016866799,한불모터스DS7크로스백,
2020-11-02,0.13735882358774007,한불모터스DS7크로스백,
2020-11-03,0.13916845977649753,한불모터스DS7크로스백,
2020-11-04,0.1559509762119604,한불모터스DS7크로스백,
2020-11-05,0.17994724786562086,한불모터스DS7크로스백,
2020-11-06,0.16316473143015794,한불모터스DS7크로스백,
2020-11-07,0.17635276502493824,한불모터스DS7크로스백,
2020-11-08,0.20153893444654877,한불모터스DS7크로스백,
2020-11-09,0.16735416315481558,한불모터스DS7크로스백,
2020-11-10,0.17035369711152315,한불모터스DS7크로스백,
2020-11-11,0.19316007099723345,한불모터스DS7크로스백,
2020-11-12,0.1781624012136957,한불모터스DS7크로스백,
2020-11-13,0.15416612956003528,한불모터스DS7크로스백,
2020-11-14,0.1937550198812085,한불모터스DS7크로스백,
2020-11-15,0.18235183293835336,한불모터스DS7크로스백,
2020-11-16,0.17635276502493824,한불모터스DS7크로스백,
2020-11-17,0.16975874822754808,한불모터스DS7크로스백,
2020-11-18,0.12295610268817735,한불모터스DS7크로스백,
2020-11-19,0.13254965344227507,한불모터스DS7크로스백,
2020-11-20,0.1901605370405259,한불모터스DS7크로스백,
2020-11-21,0.23153427401362428,한불모터스DS7크로스백,
2020-11-22,0.1901605370405259,한불모터스DS7크로스백,
2020-11-23,0.14516752768991262,한불모터스DS7크로스백,
2020-11-24,0.1271703239496673,한불모터스DS7크로스백,
2020-11-25,0.1559509762119604,한불모터스DS7크로스백,
2020-11-26,0.13916845977649753,한불모터스DS7크로스백,
2020-11-27,0.13195470455830002,한불모터스DS7크로스백,
2020-11-28,0.17035369711152315,한불모터스DS7크로스백,
2020-11-29,0.17516286725698815,한불모터스DS7크로스백,
2020-11-30,0.14035835754444762,한불모터스DS7크로스백,
2020-12-01,0.16195004412537553,한불모터스DS7크로스백,
2020-12-02,0.15954545905264303,한불모터스DS7크로스백,
2020-12-03,0.15476107844401032,한불모터스DS7크로스백,
2020-12-04,0.17094864599549817,한불모터스DS7크로스백,
2020-12-05,0.27774197066901996,한불모터스DS7크로스백,
2020-12-06,0.23393885908635678,한불모터스DS7크로스백,
2020-12-07,0.1877559519677934,한불모터스DS7크로스백,
2020-12-08,0.1649495780820831,한불모터스DS7크로스백,
2020-12-09,0.3017382423226804,한불모터스DS7크로스백,
2020-12-10,0.2861208341183353,한불모터스DS7크로스백,
2020-12-11,0.23334391020238177,한불모터스DS7크로스백,
2020-12-12,0.2387480292318218,한불모터스DS7크로스백,
2020-12-13,0.22375035944828406,한불모터스DS7크로스백,
2020-12-14,0.20575315570803873,한불모터스DS7크로스백,
2020-12-15,0.16435462919810803,한불모터스DS7크로스백,
2020-12-16,0.3905095737191246,한불모터스DS7크로스백,
2020-12-17,0.5656724409761127,한불모터스DS7크로스백,
2020-12-18,0.5506747711925749,한불모터스DS7크로스백,
2020-12-19,0.2891203680750428,한불모터스DS7크로스백,
2020-12-20,0.43909706591042047,한불모터스DS7크로스백,
2020-12-21,0.2531259605945522,한불모터스DS7크로스백,
2020-12-22,0.1997540877946236,한불모터스DS7크로스백,
2020-12-23,0.27952681732094514,한불모터스DS7크로스백,
2020-12-24,0.22134577437555153,한불모터스DS7크로스백,
2020-12-25,0.27352774940753,한불모터스DS7크로스백,
2020-12-26,0.20334857063530623,한불모터스DS7크로스백,
2020-12-27,0.20275362175133116,한불모터스DS7크로스백,
2020-12-28,0.16076014635742544,한불모터스DS7크로스백,
2020-12-29,0.16375968031413296,한불모터스DS7크로스백,
2020-12-30,0.1733532310682307,한불모터스DS7크로스백,
2020-12-31,0.17994724786562086,한불모터스DS7크로스백,
2021-01-01,0.16675921427084053,한불모터스DS7크로스백,
2021-01-02,0.1985394004898412,한불모터스DS7크로스백,
2021-01-03,0.20034903667859869,한불모터스DS7크로스백,
2021-01-04,0.12655058552885995,한불모터스DS7크로스백,
2021-01-05,0.5770756279189678,한불모터스DS7크로스백,
2021-01-06,0.38869993753036713,한불모터스DS7크로스백,
2021-01-07,0.2501264266378447,한불모터스DS7크로스백,
2021-01-08,0.19194538369245107,한불모터스DS7크로스백,
2021-01-09,0.15235649337127782,한불모터스DS7크로스백,
2021-01-10,0.22015587660760144,한불모터스DS7크로스백,
2021-01-11,0.5248936528869894,한불모터스DS7크로스백,
2021-01-12,0.29692907217721537,한불모터스DS7크로스백,
2021-01-13,0.27652728336423754,한불모터스DS7크로스백,
2021-01-14,0.2741226982915051,한불모터스DS7크로스백,
2021-01-15,0.23212922289759935,한불모터스DS7크로스백,
2021-01-16,0.2579351307400172,한불모터스DS7크로스백,
2021-01-17,0.28674057253914265,한불모터스DS7크로스백,
2021-01-18,0.23212922289759935,한불모터스DS7크로스백,
2021-01-19,0.28074150462572756,한불모터스DS7크로스백,
2021-01-20,0.40610219238663736,한불모터스DS7크로스백,
2021-01-21,0.34970599609316894,한불모터스DS7크로스백,
2021-01-22,0.3251147755555334,한불모터스DS7크로스백,
2021-01-23,0.41869527709744264,한불모터스DS7크로스백,
2021-01-24,0.4181003282134676,한불모터스DS7크로스백,
2021-01-25,0.22194072325952657,한불모터스DS7크로스백,
2021-01-26,0.15654592509593548,한불모터스DS7크로스백,
2021-01-27,0.1937550198812085,한불모터스DS7크로스백,
2021-01-28,0.23153427401362428,한불모터스DS7크로스백,
2021-01-29,0.21653660423008653,한불모터스DS7크로스백,
2021-01-30,0.5056817618419617,한불모터스DS7크로스백,
2021-01-31,0.3251147755555334,한불모터스DS7크로스백,
2021-02-01,0.27833691955299505,한불모터스DS7크로스백,
2021-02-02,0.31673591210621815,한불모터스DS7크로스백,
2021-02-03,0.3137363781495106,한불모터스DS7크로스백,
2021-02-04,0.250746165058652,한불모터스DS7크로스백,
2021-02-05,0.3857004035736596,한불모터스DS7크로스백,
2021-02-06,0.41091136253210236,한불모터스DS7크로스백,
2021-02-07,0.5506747711925749,한불모터스DS7크로스백,
2021-02-08,0.5188945849735743,한불모터스DS7크로스백,
2021-02-09,0.42650398119961525,한불모터스DS7크로스백,
2021-02-10,0.29933365724994787,한불모터스DS7크로스백,
2021-02-11,0.2939295382205078,한불모터스DS7크로스백,
2021-02-12,0.29933365724994787,한불모터스DS7크로스백,
2021-02-13,0.3089272080040456,한불모터스DS7크로스백,
2021-02-14,0.2711231643347975,한불모터스DS7크로스백,
2021-02-15,0.27593233448026255,한불모터스DS7크로스백,
2021-02-16,0.2009439855625737,한불모터스DS7크로스백,
2021-02-17,0.16375968031413296,한불모터스DS7크로스백,
2021-02-18,0.15176154448730278,한불모터스DS7크로스백,
2021-02-19,0.18116193517040327,한불모터스DS7크로스백,
2021-02-20,0.2471268926811371,한불모터스DS7크로스백,
2021-02-21,0.2525310117105772,한불모터스DS7크로스백,
2021-02-22,0.18235183293835336,한불모터스DS7크로스백,
2021-02-23,0.16135509524140046,한불모터스DS7크로스백,
2021-02-24,0.1757578161409632,한불모터스DS7크로스백,
2021-02-25,0.35991928526807404,한불모터스DS7크로스백,
2021-02-26,0.48290017749308367,한불모터스DS7크로스백,
2021-02-27,0.4079118285753948,한불모터스DS7크로스백,
2021-02-28,0.30352308897460556,한불모터스DS7크로스백,
2021-03-01,0.23634344415908928,한불모터스DS7크로스백,
2021-03-02,0.26212456246467486,한불모터스DS7크로스백,
2021-03-03,0.16016519747345037,한불모터스DS7크로스백,
2021-03-04,0.4822804390722763,한불모터스DS7크로스백,
2021-03-05,0.3041180378585806,한불모터스DS7크로스백,
2021-03-06,0.22615494452101656,한불모터스DS7크로스백,
2021-03-07,0.1853513668950609,한불모터스DS7크로스백,
2021-03-08,0.1841614691271108,한불모터스DS7크로스백,
2021-03-09,0.25134111394262704,한불모터스DS7크로스백,
2021-03-10,0.23093932512964926,한불모터스DS7크로스백,
2021-03-11,0.23453380797033185,한불모터스DS7크로스백,
2021-03-12,0.21894118930281903,한불모터스DS7크로스백,
2021-03-13,0.20215867286735612,한불모터스DS7크로스백,
2021-03-14,0.18475641801108586,한불모터스DS7크로스백,
2021-03-15,0.17875735009767074,한불모터스DS7크로스백,
2021-03-16,0.16916379934357303,한불모터스DS7크로스백,
2021-03-17,0.1781624012136957,한불모터스DS7크로스백,
2021-03-18,0.16975874822754808,한불모터스DS7크로스백,
2021-03-19,0.22615494452101656,한불모터스DS7크로스백,
2021-03-20,0.241127824767722,한불모터스DS7크로스백,
2021-03-21,0.21175222362145382,한불모터스DS7크로스백,
2021-03-22,0.1625449930093506,한불모터스DS7크로스백,
2021-03-23,0.13016985790637486,한불모터스DS7크로스백,
2021-03-24,0.1559509762119604,한불모터스DS7크로스백,
2021-03-25,0.13495423851500757,한불모터스DS7크로스백,
2021-03-26,0.16916379934357303,한불모터스DS7크로스백,
2021-03-27,0.15295144225525287,한불모터스DS7크로스백,
2021-03-28,0.13616892581978995,한불모터스DS7크로스백,
2021-03-29,0.14335789150115516,한불모터스DS7크로스백,
2021-03-30,0.1343592896310325,한불모터스DS7크로스백,
2021-03-31,0.11336255193407964,한불모터스DS7크로스백,
2021-04-01,0.12536068776090983,한불모터스DS7크로스백,
2021-04-02,0.1271703239496673,한불모터스DS7크로스백,
2021-04-03,0.1415482553123977,한불모터스DS7크로스백,
2021-04-04,0.14095330642842266,한불모터스DS7크로스백,
2021-04-05,0.22194072325952657,한불모터스DS7크로스백,
2021-04-06,0.2597447669287747,한불모터스DS7크로스백,
2021-04-07,0.1997540877946236,한불모터스DS7크로스백,
2021-04-08,0.19194538369245107,한불모터스DS7크로스백,
2021-04-09,0.2423425120725044,한불모터스DS7크로스백,
2021-04-10,0.26452914753740736,한불모터스DS7크로스백,
2021-04-11,0.2537456990153596,한불모터스DS7크로스백,
2021-04-12,0.2555305456672847,한불모터스DS7크로스백,
2021-04-13,0.23934297811579683,한불모터스DS7크로스백,
2021-04-14,0.21715634265089387,한불모터스DS7크로스백,
2021-04-15,0.19075548592450098,한불모터스DS7크로스백,
2021-04-16,0.18594631577903595,한불모터스DS7크로스백,
2021-04-17,0.20694305347598882,한불모터스DS7크로스백,
2021-04-18,0.21294212138940394,한불모터스DS7크로스백,
2021-04-19,0.15176154448730278,한불모터스DS7크로스백,
2021-04-20,0.1829467818223284,한불모터스DS7크로스백,
2021-04-21,0.15176154448730278,한불모터스DS7크로스백,
2021-04-22,0.16135509524140046,한불모터스DS7크로스백,
2021-04-23,0.16016519747345037,한불모터스DS7크로스백,
2021-04-24,0.23153427401362428,한불모터스DS7크로스백,
2021-04-25,0.2423425120725044,한불모터스DS7크로스백,
2021-04-26,0.12895517060159245,한불모터스DS7크로스백,
2021-04-27,0.15476107844401032,한불모터스DS7크로스백,
2021-04-28,0.14335789150115516,한불모터스DS7크로스백,
2021-04-29,0.1151721881228371,한불모터스DS7크로스백,
2021-04-30,0.136763874703765,한불모터스DS7크로스백,
2021-05-01,0.1553560273279854,한불모터스DS7크로스백,
2021-05-02,0.15716566351674283,한불모터스DS7크로스백,
2021-05-03,0.13376434074705745,한불모터스DS7크로스백,
2021-05-04,0.13495423851500757,한불모터스DS7크로스백,
2021-05-05,0.13135975567432498,한불모터스DS7크로스백,
